PRAGMA foreign_keys=OFF;
BEGIN TRANSACTION;
DROP TABLE "general_space_type";
CREATE TABLE "general_space_type" ("typ_id" integer NOT NULL PRIMARY KEY REFERENCES "general_type" ("id"));
INSERT INTO "general_space_type" VALUES(7);
INSERT INTO "general_space_type" VALUES(8);
INSERT INTO "general_space_type" VALUES(39);
INSERT INTO "general_space_type" VALUES(40);
INSERT INTO "general_space_type" VALUES(41);
INSERT INTO "general_space_type" VALUES(42);
INSERT INTO "general_space_type" VALUES(43);
INSERT INTO "general_space_type" VALUES(44);
INSERT INTO "general_space_type" VALUES(45);
INSERT INTO "general_space_type" VALUES(46);
INSERT INTO "general_space_type" VALUES(62);
DROP TABLE "general_address_type";
CREATE TABLE "general_address_type" ("space_type_id" integer NOT NULL PRIMARY KEY REFERENCES "general_space_type" ("typ_id"));
INSERT INTO "general_address_type" VALUES(44);
INSERT INTO "general_address_type" VALUES(45);
INSERT INTO "general_address_type" VALUES(46);
DROP TABLE "general_region_type";
CREATE TABLE "general_region_type" ("space_type_id" integer NOT NULL PRIMARY KEY REFERENCES "general_space_type" ("typ_id"));
INSERT INTO "general_region_type" VALUES(39);
INSERT INTO "general_region_type" VALUES(40);
INSERT INTO "general_region_type" VALUES(41);
INSERT INTO "general_region_type" VALUES(42);
INSERT INTO "general_region_type" VALUES(43);
INSERT INTO "general_region_type" VALUES(62);
DROP TABLE "general_being_type";
CREATE TABLE "general_being_type" ("typ_id" integer NOT NULL PRIMARY KEY REFERENCES "general_type" ("id"));
INSERT INTO "general_being_type" VALUES(4);
INSERT INTO "general_being_type" VALUES(5);
INSERT INTO "general_being_type" VALUES(6);
INSERT INTO "general_being_type" VALUES(13);
INSERT INTO "general_being_type" VALUES(19);
INSERT INTO "general_being_type" VALUES(20);
INSERT INTO "general_being_type" VALUES(21);
INSERT INTO "general_being_type" VALUES(22);
INSERT INTO "general_being_type" VALUES(23);
INSERT INTO "general_being_type" VALUES(24);
INSERT INTO "general_being_type" VALUES(25);
INSERT INTO "general_being_type" VALUES(26);
INSERT INTO "general_being_type" VALUES(27);
INSERT INTO "general_being_type" VALUES(28);
INSERT INTO "general_being_type" VALUES(29);
INSERT INTO "general_being_type" VALUES(31);
INSERT INTO "general_being_type" VALUES(32);
INSERT INTO "general_being_type" VALUES(47);
INSERT INTO "general_being_type" VALUES(63);
INSERT INTO "general_being_type" VALUES(64);
INSERT INTO "general_being_type" VALUES(66);
DROP TABLE "general_project_type";
CREATE TABLE "general_project_type" ("being_type_id" integer NOT NULL PRIMARY KEY REFERENCES "general_being_type" ("typ_id"));
INSERT INTO "general_project_type" VALUES(13);
INSERT INTO "general_project_type" VALUES(21);
INSERT INTO "general_project_type" VALUES(22);
INSERT INTO "general_project_type" VALUES(23);
INSERT INTO "general_project_type" VALUES(24);
INSERT INTO "general_project_type" VALUES(25);
INSERT INTO "general_project_type" VALUES(26);
INSERT INTO "general_project_type" VALUES(27);
INSERT INTO "general_project_type" VALUES(28);
INSERT INTO "general_project_type" VALUES(29);
INSERT INTO "general_project_type" VALUES(31);
INSERT INTO "general_project_type" VALUES(32);
INSERT INTO "general_project_type" VALUES(47);
INSERT INTO "general_project_type" VALUES(63);
INSERT INTO "general_project_type" VALUES(66);
DROP TABLE "general_company_type";
CREATE TABLE "general_company_type" ("being_type_id" integer NOT NULL PRIMARY KEY REFERENCES "general_being_type" ("typ_id"));
INSERT INTO "general_company_type" VALUES(19);
INSERT INTO "general_company_type" VALUES(20);
INSERT INTO "general_company_type" VALUES(64);
DROP TABLE "general_artwork_type";
CREATE TABLE "general_artwork_type" ("typ_id" integer NOT NULL PRIMARY KEY REFERENCES "general_type" ("id"));
INSERT INTO "general_artwork_type" VALUES(9);
INSERT INTO "general_artwork_type" VALUES(10);
INSERT INTO "general_artwork_type" VALUES(11);
INSERT INTO "general_artwork_type" VALUES(12);
INSERT INTO "general_artwork_type" VALUES(14);
INSERT INTO "general_artwork_type" VALUES(15);
INSERT INTO "general_artwork_type" VALUES(16);
INSERT INTO "general_artwork_type" VALUES(17);
INSERT INTO "general_artwork_type" VALUES(18);
INSERT INTO "general_artwork_type" VALUES(34);
INSERT INTO "general_artwork_type" VALUES(35);
INSERT INTO "general_artwork_type" VALUES(36);
INSERT INTO "general_artwork_type" VALUES(37);
INSERT INTO "general_artwork_type" VALUES(38);
INSERT INTO "general_artwork_type" VALUES(48);
INSERT INTO "general_artwork_type" VALUES(49);
INSERT INTO "general_artwork_type" VALUES(50);
INSERT INTO "general_artwork_type" VALUES(51);
INSERT INTO "general_artwork_type" VALUES(52);
INSERT INTO "general_artwork_type" VALUES(53);
INSERT INTO "general_artwork_type" VALUES(54);
INSERT INTO "general_artwork_type" VALUES(55);
INSERT INTO "general_artwork_type" VALUES(56);
INSERT INTO "general_artwork_type" VALUES(57);
INSERT INTO "general_artwork_type" VALUES(58);
INSERT INTO "general_artwork_type" VALUES(59);
INSERT INTO "general_artwork_type" VALUES(60);
INSERT INTO "general_artwork_type" VALUES(61);
INSERT INTO "general_artwork_type" VALUES(65);
INSERT INTO "general_artwork_type" VALUES(67);
INSERT INTO "general_artwork_type" VALUES(68);
INSERT INTO "general_artwork_type" VALUES(69);
INSERT INTO "general_artwork_type" VALUES(70);
INSERT INTO "general_artwork_type" VALUES(71);
INSERT INTO "general_artwork_type" VALUES(72);
INSERT INTO "general_artwork_type" VALUES(73);
INSERT INTO "general_artwork_type" VALUES(74);
INSERT INTO "general_artwork_type" VALUES(75);
INSERT INTO "general_artwork_type" VALUES(76);
INSERT INTO "general_artwork_type" VALUES(77);
INSERT INTO "general_artwork_type" VALUES(78);
INSERT INTO "general_artwork_type" VALUES(79);
INSERT INTO "general_artwork_type" VALUES(80);
INSERT INTO "general_artwork_type" VALUES(81);
INSERT INTO "general_artwork_type" VALUES(82);
INSERT INTO "general_artwork_type" VALUES(83);
INSERT INTO "general_artwork_type" VALUES(84);
INSERT INTO "general_artwork_type" VALUES(85);
INSERT INTO "general_artwork_type" VALUES(86);
INSERT INTO "general_artwork_type" VALUES(87);
INSERT INTO "general_artwork_type" VALUES(88);
INSERT INTO "general_artwork_type" VALUES(89);
INSERT INTO "general_artwork_type" VALUES(90);
INSERT INTO "general_artwork_type" VALUES(91);
INSERT INTO "general_artwork_type" VALUES(92);
INSERT INTO "general_artwork_type" VALUES(93);
INSERT INTO "general_artwork_type" VALUES(94);
INSERT INTO "general_artwork_type" VALUES(95);
INSERT INTO "general_artwork_type" VALUES(96);
INSERT INTO "general_artwork_type" VALUES(97);
INSERT INTO "general_artwork_type" VALUES(98);
INSERT INTO "general_artwork_type" VALUES(124);
INSERT INTO "general_artwork_type" VALUES(125);
INSERT INTO "general_artwork_type" VALUES(126);
INSERT INTO "general_artwork_type" VALUES(127);
INSERT INTO "general_artwork_type" VALUES(128);
INSERT INTO "general_artwork_type" VALUES(129);
INSERT INTO "general_artwork_type" VALUES(130);
INSERT INTO "general_artwork_type" VALUES(131);
INSERT INTO "general_artwork_type" VALUES(132);
INSERT INTO "general_artwork_type" VALUES(133);
INSERT INTO "general_artwork_type" VALUES(134);
INSERT INTO "general_artwork_type" VALUES(135);
INSERT INTO "general_artwork_type" VALUES(136);
INSERT INTO "general_artwork_type" VALUES(137);
INSERT INTO "general_artwork_type" VALUES(138);
INSERT INTO "general_artwork_type" VALUES(139);
INSERT INTO "general_artwork_type" VALUES(140);
INSERT INTO "general_artwork_type" VALUES(141);
INSERT INTO "general_artwork_type" VALUES(142);
INSERT INTO "general_artwork_type" VALUES(143);
INSERT INTO "general_artwork_type" VALUES(144);
INSERT INTO "general_artwork_type" VALUES(145);
INSERT INTO "general_artwork_type" VALUES(146);
INSERT INTO "general_artwork_type" VALUES(147);
INSERT INTO "general_artwork_type" VALUES(148);
INSERT INTO "general_artwork_type" VALUES(149);
INSERT INTO "general_artwork_type" VALUES(150);
INSERT INTO "general_artwork_type" VALUES(151);
DROP TABLE "general_record_type";
CREATE TABLE "general_record_type" ("artwork_type_id" integer NOT NULL PRIMARY KEY REFERENCES "general_artwork_type" ("typ_id"));
INSERT INTO "general_record_type" VALUES(14);
INSERT INTO "general_record_type" VALUES(15);
INSERT INTO "general_record_type" VALUES(16);
INSERT INTO "general_record_type" VALUES(17);
INSERT INTO "general_record_type" VALUES(18);
INSERT INTO "general_record_type" VALUES(58);
INSERT INTO "general_record_type" VALUES(59);
INSERT INTO "general_record_type" VALUES(60);
INSERT INTO "general_record_type" VALUES(61);
INSERT INTO "general_record_type" VALUES(69);
INSERT INTO "general_record_type" VALUES(70);
INSERT INTO "general_record_type" VALUES(124);
INSERT INTO "general_record_type" VALUES(125);
INSERT INTO "general_record_type" VALUES(126);
INSERT INTO "general_record_type" VALUES(127);
INSERT INTO "general_record_type" VALUES(128);
INSERT INTO "general_record_type" VALUES(129);
INSERT INTO "general_record_type" VALUES(130);
INSERT INTO "general_record_type" VALUES(131);
INSERT INTO "general_record_type" VALUES(132);
INSERT INTO "general_record_type" VALUES(133);
INSERT INTO "general_record_type" VALUES(134);
INSERT INTO "general_record_type" VALUES(135);
INSERT INTO "general_record_type" VALUES(136);
INSERT INTO "general_record_type" VALUES(137);
INSERT INTO "general_record_type" VALUES(138);
INSERT INTO "general_record_type" VALUES(139);
INSERT INTO "general_record_type" VALUES(140);
INSERT INTO "general_record_type" VALUES(141);
INSERT INTO "general_record_type" VALUES(142);
INSERT INTO "general_record_type" VALUES(143);
INSERT INTO "general_record_type" VALUES(144);
INSERT INTO "general_record_type" VALUES(145);
INSERT INTO "general_record_type" VALUES(146);
INSERT INTO "general_record_type" VALUES(147);
INSERT INTO "general_record_type" VALUES(148);
DROP TABLE "general_nonmaterial_type";
CREATE TABLE "general_nonmaterial_type" ("artwork_type_id" integer NOT NULL PRIMARY KEY REFERENCES "general_artwork_type" ("typ_id"));
INSERT INTO "general_nonmaterial_type" VALUES(49);
INSERT INTO "general_nonmaterial_type" VALUES(50);
INSERT INTO "general_nonmaterial_type" VALUES(51);
INSERT INTO "general_nonmaterial_type" VALUES(52);
INSERT INTO "general_nonmaterial_type" VALUES(53);
INSERT INTO "general_nonmaterial_type" VALUES(54);
INSERT INTO "general_nonmaterial_type" VALUES(65);
INSERT INTO "general_nonmaterial_type" VALUES(71);
INSERT INTO "general_nonmaterial_type" VALUES(72);
INSERT INTO "general_nonmaterial_type" VALUES(73);
INSERT INTO "general_nonmaterial_type" VALUES(74);
INSERT INTO "general_nonmaterial_type" VALUES(75);
INSERT INTO "general_nonmaterial_type" VALUES(76);
INSERT INTO "general_nonmaterial_type" VALUES(77);
INSERT INTO "general_nonmaterial_type" VALUES(78);
INSERT INTO "general_nonmaterial_type" VALUES(79);
INSERT INTO "general_nonmaterial_type" VALUES(80);
INSERT INTO "general_nonmaterial_type" VALUES(81);
INSERT INTO "general_nonmaterial_type" VALUES(82);
INSERT INTO "general_nonmaterial_type" VALUES(83);
INSERT INTO "general_nonmaterial_type" VALUES(84);
INSERT INTO "general_nonmaterial_type" VALUES(85);
INSERT INTO "general_nonmaterial_type" VALUES(86);
INSERT INTO "general_nonmaterial_type" VALUES(87);
INSERT INTO "general_nonmaterial_type" VALUES(149);
INSERT INTO "general_nonmaterial_type" VALUES(150);
INSERT INTO "general_nonmaterial_type" VALUES(151);
DROP TABLE "general_material_type";
CREATE TABLE "general_material_type" ("artwork_type_id" integer NOT NULL PRIMARY KEY REFERENCES "general_artwork_type" ("typ_id"));
INSERT INTO "general_material_type" VALUES(55);
INSERT INTO "general_material_type" VALUES(56);
INSERT INTO "general_material_type" VALUES(57);
INSERT INTO "general_material_type" VALUES(88);
INSERT INTO "general_material_type" VALUES(89);
INSERT INTO "general_material_type" VALUES(90);
INSERT INTO "general_material_type" VALUES(91);
INSERT INTO "general_material_type" VALUES(92);
INSERT INTO "general_material_type" VALUES(93);
INSERT INTO "general_material_type" VALUES(94);
INSERT INTO "general_material_type" VALUES(95);
INSERT INTO "general_material_type" VALUES(96);
INSERT INTO "general_material_type" VALUES(97);
INSERT INTO "general_material_type" VALUES(98);
DROP TABLE "general_unit_type";
CREATE TABLE "general_unit_type" ("artwork_type_id" integer NOT NULL PRIMARY KEY REFERENCES "general_artwork_type" ("typ_id"));
INSERT INTO "general_unit_type" VALUES(34);
INSERT INTO "general_unit_type" VALUES(35);
INSERT INTO "general_unit_type" VALUES(36);
INSERT INTO "general_unit_type" VALUES(37);
INSERT INTO "general_unit_type" VALUES(38);
INSERT INTO "general_unit_type" VALUES(48);
INSERT INTO "general_unit_type" VALUES(67);
INSERT INTO "general_unit_type" VALUES(68);
DROP TABLE "general_accountbank";
CREATE TABLE "general_accountbank" ("record_id" integer NOT NULL PRIMARY KEY REFERENCES "general_record" ("id"), "code" varchar(11) NULL, "number" varchar(34) NULL, "bankcard" bool NOT NULL, "company_id" integer NULL REFERENCES "general_company" ("human_id"), "human_id" integer NOT NULL REFERENCES "general_human" ("id"), "unit_id" integer NULL REFERENCES "general_unit" ("id"));
DROP TABLE "general_accountces";
CREATE TABLE "general_accountces" ("record_id" integer NOT NULL PRIMARY KEY REFERENCES "general_record" ("id"), "code" varchar(10) NULL, "number" varchar(4) NULL, "entity_id" integer NOT NULL REFERENCES "general_project" ("human_id"), "human_id" integer NOT NULL REFERENCES "general_human" ("id"), "unit_id" integer NOT NULL REFERENCES "general_unit" ("id"));
DROP TABLE "general_accountcrypto";
CREATE TABLE "general_accountcrypto" ("record_id" integer NOT NULL PRIMARY KEY REFERENCES "general_record" ("id"), "number" varchar(34) NOT NULL, "human_id" integer NOT NULL REFERENCES "general_human" ("id"), "unit_id" integer NOT NULL REFERENCES "general_unit" ("id"));
DROP TABLE "general_address";
CREATE TABLE "general_address" ("id" integer NOT NULL PRIMARY KEY AUTOINCREMENT, "name" varchar(100) NOT NULL, "p_address" varchar(200) NOT NULL, "postalcode" varchar(5) NULL, "ic_larder" bool NOT NULL, "size" decimal NULL, "longitude" integer NULL, "latitude" integer NULL, "description" text NULL, "address_type_id" integer NULL REFERENCES "general_address_type" ("space_type_id"), "region_id" integer NULL REFERENCES "general_region" ("id"), "size_unit_id" integer NULL REFERENCES "general_unit" ("id"), "town" varchar(150) NOT NULL);
INSERT INTO "general_address" VALUES(1,'AureaSocial','Sardenya 261-263','08013',0,NULL,NULL,NULL,'',44,3,NULL,'Barcelona');
DROP TABLE "general_asset";
CREATE TABLE "general_asset" ("material_id" integer NOT NULL PRIMARY KEY REFERENCES "general_material" ("id"), "human_id" integer NOT NULL REFERENCES "general_human" ("id"), "reciprocity" text NOT NULL);
DROP TABLE "general_company";
CREATE TABLE "general_company" ("human_id" integer NOT NULL PRIMARY KEY REFERENCES "general_human" ("id"), "legal_name" varchar(200) NULL, "company_type_id" integer NULL REFERENCES "general_company_type" ("being_type_id"), "vat_number" varchar(20) NULL);
DROP TABLE "general_human";
CREATE TABLE "general_human" ("id" integer NOT NULL PRIMARY KEY AUTOINCREMENT, "name" varchar(200) NOT NULL, "birth_date" date NULL, "death_date" date NULL, "nickname" varchar(50) NOT NULL, "email" varchar(100) NOT NULL, "telephone_cell" varchar(20) NOT NULL, "telephone_land" varchar(20) NOT NULL, "description" text NULL, "website" varchar(100) NOT NULL);
INSERT INTO "general_human" VALUES(1,'Revolució Integral',NULL,NULL,'RI','','','','','');
INSERT INTO "general_human" VALUES(2,'Integral Cooperatives Network',NULL,NULL,'','','','','','');
INSERT INTO "general_human" VALUES(3,'Cooperativa Integral Catalana',NULL,NULL,'CIC','','','','','');
INSERT INTO "general_human" VALUES(4,'testPerson',NULL,NULL,'','tes@tes.tes','','','','');
INSERT INTO "general_human" VALUES(5,'testProj',NULL,NULL,'','tes@tes.tes','','','','');
INSERT INTO "general_human" VALUES(6,'FairCoop',NULL,NULL,'','','','','','https://fair.coop');
DROP TABLE "general_image";
CREATE TABLE "general_image" ("nonmaterial_id" integer NOT NULL PRIMARY KEY REFERENCES "general_nonmaterial" ("id"), "image" varchar(100) NULL, "url" varchar(200) NULL, "height" integer NULL, "width" integer NULL);
DROP TABLE "general_job";
CREATE TABLE "general_job" ("id" integer NOT NULL PRIMARY KEY AUTOINCREMENT, "name" varchar(200) NOT NULL UNIQUE, "gerund" varchar(200) NOT NULL, "description" text NOT NULL, "lft" integer unsigned NOT NULL, "rght" integer unsigned NOT NULL, "tree_id" integer unsigned NOT NULL, "level" integer unsigned NOT NULL, "clas" varchar(50) NOT NULL, "parent_id" integer NULL REFERENCES "general_job" ("id"), "verb" varchar(200) NOT NULL);
INSERT INTO "general_job" VALUES(1,'Selfmanagement','selfmanaging','',1,6,1,0,'',NULL,'to selfmanage');
INSERT INTO "general_job" VALUES(2,'Coordination','coordinating','',2,3,1,1,'',1,'to coordinate');
INSERT INTO "general_job" VALUES(3,'Technical Development','developing technically','',1,4,2,0,'',NULL,'to develop technically');
INSERT INTO "general_job" VALUES(4,'Transport','transporting','',1,4,3,0,'',NULL,'to transport');
INSERT INTO "general_job" VALUES(5,'IC Facilitation','facilitating IC','',4,5,1,1,'ic_facilitate',1,'to facilitate IC');
INSERT INTO "general_job" VALUES(6,'Restauration','restaurating','',3,6,5,2,'',8,'to restaurate');
INSERT INTO "general_job" VALUES(7,'Lifecare','lifecareing','',1,20,5,0,'',NULL,'to care life');
INSERT INTO "general_job" VALUES(8,'Alimentation','alimentating','',2,9,5,1,'',7,'to alimentate');
INSERT INTO "general_job" VALUES(9,'Clothing','making cloths','',10,11,5,1,'',7,'to make cloths');
INSERT INTO "general_job" VALUES(10,'Cleaning','cleaning','',15,16,5,2,'',12,'to clean');
INSERT INTO "general_job" VALUES(11,'Bodycare','bodycaring','',12,13,5,1,'',7,'to bodycare');
INSERT INTO "general_job" VALUES(12,'Shelter/Housing','sheltering/housing','',14,19,5,1,'',7,'to shelter/housing');
INSERT INTO "general_job" VALUES(13,'Building','building','',17,18,5,2,'',12,'to build');
INSERT INTO "general_job" VALUES(14,'Drive','driving','',2,3,3,1,'',4,'to drive');
INSERT INTO "general_job" VALUES(15,'Communication','communicating','',1,10,6,0,'',NULL,'to communicate');
INSERT INTO "general_job" VALUES(16,'Graphic Design','designing graphically','',2,3,6,1,'',15,'to design graphically');
INSERT INTO "general_job" VALUES(17,'Write','writing','',4,7,6,1,'',15,'to write');
INSERT INTO "general_job" VALUES(18,'Translate','translating','',5,6,6,2,'',17,'to translate');
INSERT INTO "general_job" VALUES(19,'Publish','publishing','',8,9,6,1,'',15,'to publish');
INSERT INTO "general_job" VALUES(20,'Grow Vegetables','growing vegetables','',7,8,5,2,'',8,'to grow vegetables');
INSERT INTO "general_job" VALUES(21,'Software Development','developing software','',2,3,2,1,'',3,'to develop software');
INSERT INTO "general_job" VALUES(22,'Cook','cooking','',4,5,5,3,'',6,'to cook');
DROP TABLE "general_material";
CREATE TABLE "general_material" ("id" integer NOT NULL PRIMARY KEY AUTOINCREMENT, "description" text NULL, "material_type_id" integer NULL REFERENCES "general_material_type" ("artwork_type_id"), "name" varchar(200) NULL);
DROP TABLE "general_nonmaterial";
CREATE TABLE "general_nonmaterial" ("id" integer NOT NULL PRIMARY KEY AUTOINCREMENT, "name" varchar(200) NULL, "description" text NULL, "nonmaterial_type_id" integer NULL REFERENCES "general_nonmaterial_type" ("artwork_type_id"));
INSERT INTO "general_nonmaterial" VALUES(1,'welcome Selfemployed','',53);
INSERT INTO "general_nonmaterial" VALUES(2,'formation Social Currency','',53);
DROP TABLE "general_person";
CREATE TABLE "general_person" ("human_id" integer NOT NULL PRIMARY KEY REFERENCES "general_human" ("id"), "id_card" varchar(9) NOT NULL, "email2" varchar(254) NOT NULL, "nickname2" varchar(50) NOT NULL, "surnames" varchar(200) NOT NULL);
INSERT INTO "general_person" VALUES(4,'','','','');
DROP TABLE "general_project";
CREATE TABLE "general_project" ("human_id" integer NOT NULL PRIMARY KEY REFERENCES "general_human" ("id"), "email2" varchar(254) NOT NULL, "ecommerce" bool NOT NULL, "lft" integer unsigned NOT NULL, "rght" integer unsigned NOT NULL, "tree_id" integer unsigned NOT NULL, "level" integer unsigned NOT NULL, "parent_id" integer NULL REFERENCES "general_project" ("human_id"), "project_type_id" integer NULL REFERENCES "general_project_type" ("being_type_id"), "socialweb" varchar(100) NOT NULL);
INSERT INTO "general_project" VALUES(1,'',0,1,22,1,0,NULL,47,'');
INSERT INTO "general_project" VALUES(2,'',0,2,15,1,1,1,47,'');
INSERT INTO "general_project" VALUES(3,'',0,3,14,1,2,2,24,'');
INSERT INTO "general_project" VALUES(5,'',0,12,13,1,3,3,27,'');
INSERT INTO "general_project" VALUES(6,'',0,20,21,1,1,1,24,'');
DROP TABLE "general_record";
CREATE TABLE "general_record" ("id" integer NOT NULL PRIMARY KEY AUTOINCREMENT, "name" varchar(200) NULL, "description" text NULL, "record_type_id" integer NULL REFERENCES "general_record_type" ("artwork_type_id"));
INSERT INTO "general_record" VALUES(3,'EcoCoop * 10 = Hour','',58);
INSERT INTO "general_record" VALUES(4,'EcoCoop * 1.000 = Euro','',59);
INSERT INTO "general_record" VALUES(5,'Riu * 1.000 = Euro','',59);
INSERT INTO "general_record" VALUES(6,'Hour * 24 = Day','',61);
INSERT INTO "general_record" VALUES(7,'Day * 28 = Moon cycle','',61);
INSERT INTO "general_record" VALUES(8,'Moon cycle * 13 = Year','',61);
INSERT INTO "general_record" VALUES(9,'FairCoin * 20 = SocialCurrency','',59);
INSERT INTO "general_record" VALUES(10,'Meter * 1000 = Kilometer','',69);
INSERT INTO "general_record" VALUES(11,'Gram * 1000 = Kilogram','',70);
DROP TABLE "general_region";
CREATE TABLE "general_region" ("id" integer NOT NULL PRIMARY KEY AUTOINCREMENT, "name" varchar(100) NOT NULL, "description" text NULL, "lft" integer unsigned NOT NULL, "rght" integer unsigned NOT NULL, "tree_id" integer unsigned NOT NULL, "level" integer unsigned NOT NULL, "parent_id" integer NULL REFERENCES "general_region" ("id"), "region_type_id" integer NULL REFERENCES "general_region_type" ("space_type_id"));
INSERT INTO "general_region" VALUES(1,'Catalan Countries','',2,9,2,1,5,41);
INSERT INTO "general_region" VALUES(2,'Catalunya','',3,8,2,2,1,43);
INSERT INTO "general_region" VALUES(3,'Barcelonès','',4,5,2,3,2,43);
INSERT INTO "general_region" VALUES(4,'Anoia','',6,7,2,3,2,43);
INSERT INTO "general_region" VALUES(5,'european continent','',1,10,2,0,NULL,39);
INSERT INTO "general_region" VALUES(6,'planet Earth','',1,2,3,0,NULL,62);
DROP TABLE "general_rel_human_addresses";
CREATE TABLE "general_rel_human_addresses" ("id" integer NOT NULL PRIMARY KEY AUTOINCREMENT, "main_address" bool NOT NULL, "address_id" integer NOT NULL REFERENCES "general_address" ("id"), "human_id" integer NOT NULL REFERENCES "general_human" ("id"), "relation_id" integer NULL REFERENCES "general_relation" ("id"));
INSERT INTO "general_rel_human_addresses" VALUES(2,1,1,5,23);
INSERT INTO "general_rel_human_addresses" VALUES(3,1,1,3,23);
DROP TABLE "general_rel_human_companies";
CREATE TABLE "general_rel_human_companies" ("id" integer NOT NULL PRIMARY KEY AUTOINCREMENT, "company_id" integer NOT NULL REFERENCES "general_company" ("human_id"), "human_id" integer NOT NULL REFERENCES "general_human" ("id"), "relation_id" integer NULL REFERENCES "general_relation" ("id"));
DROP TABLE "general_rel_human_materials";
CREATE TABLE "general_rel_human_materials" ("id" integer NOT NULL PRIMARY KEY AUTOINCREMENT, "human_id" integer NOT NULL REFERENCES "general_human" ("id"), "material_id" integer NOT NULL REFERENCES "general_material" ("id"), "relation_id" integer NULL REFERENCES "general_relation" ("id"));
DROP TABLE "general_rel_human_nonmaterials";
CREATE TABLE "general_rel_human_nonmaterials" ("id" integer NOT NULL PRIMARY KEY AUTOINCREMENT, "human_id" integer NOT NULL REFERENCES "general_human" ("id"), "nonmaterial_id" integer NOT NULL REFERENCES "general_nonmaterial" ("id"), "relation_id" integer NULL REFERENCES "general_relation" ("id"));
DROP TABLE "general_rel_human_persons";
CREATE TABLE "general_rel_human_persons" ("id" integer NOT NULL PRIMARY KEY AUTOINCREMENT, "human_id" integer NOT NULL REFERENCES "general_human" ("id"), "person_id" integer NOT NULL REFERENCES "general_person" ("human_id"), "relation_id" integer NULL REFERENCES "general_relation" ("id"));
INSERT INTO "general_rel_human_persons" VALUES(1,5,4,11);
DROP TABLE "general_rel_human_projects";
CREATE TABLE "general_rel_human_projects" ("id" integer NOT NULL PRIMARY KEY AUTOINCREMENT, "human_id" integer NOT NULL REFERENCES "general_human" ("id"), "project_id" integer NOT NULL REFERENCES "general_project" ("human_id"), "relation_id" integer NULL REFERENCES "general_relation" ("id"));
DROP TABLE "general_rel_human_records";
CREATE TABLE "general_rel_human_records" ("id" integer NOT NULL PRIMARY KEY AUTOINCREMENT, "human_id" integer NOT NULL REFERENCES "general_human" ("id"), "record_id" integer NOT NULL REFERENCES "general_record" ("id"), "relation_id" integer NULL REFERENCES "general_relation" ("id"));
DROP TABLE "general_rel_human_regions";
CREATE TABLE "general_rel_human_regions" ("id" integer NOT NULL PRIMARY KEY AUTOINCREMENT, "human_id" integer NOT NULL REFERENCES "general_human" ("id"), "region_id" integer NOT NULL REFERENCES "general_region" ("id"), "relation_id" integer NULL REFERENCES "general_relation" ("id"));
DROP TABLE "general_rel_material_addresses";
CREATE TABLE "general_rel_material_addresses" ("id" integer NOT NULL PRIMARY KEY AUTOINCREMENT, "material_id" integer NOT NULL REFERENCES "general_material" ("id"), "relation_id" integer NULL REFERENCES "general_relation" ("id"), "address_id" integer NOT NULL REFERENCES "general_address" ("id"));
DROP TABLE "general_rel_material_jobs";
CREATE TABLE "general_rel_material_jobs" ("id" integer NOT NULL PRIMARY KEY AUTOINCREMENT, "job_id" integer NOT NULL REFERENCES "general_job" ("id"), "material_id" integer NOT NULL REFERENCES "general_material" ("id"), "relation_id" integer NULL REFERENCES "general_relation" ("id"));
DROP TABLE "general_rel_material_materials";
CREATE TABLE "general_rel_material_materials" ("id" integer NOT NULL PRIMARY KEY AUTOINCREMENT, "material_id" integer NOT NULL REFERENCES "general_material" ("id"), "material2_id" integer NOT NULL REFERENCES "general_material" ("id"), "relation_id" integer NULL REFERENCES "general_relation" ("id"));
DROP TABLE "general_rel_material_nonmaterials";
CREATE TABLE "general_rel_material_nonmaterials" ("id" integer NOT NULL PRIMARY KEY AUTOINCREMENT, "material_id" integer NOT NULL REFERENCES "general_material" ("id"), "relation_id" integer NULL REFERENCES "general_relation" ("id"), "nonmaterial_id" integer NOT NULL REFERENCES "general_nonmaterial" ("id"));
DROP TABLE "general_rel_material_records";
CREATE TABLE "general_rel_material_records" ("id" integer NOT NULL PRIMARY KEY AUTOINCREMENT, "material_id" integer NOT NULL REFERENCES "general_material" ("id"), "relation_id" integer NULL REFERENCES "general_relation" ("id"), "record_id" integer NOT NULL REFERENCES "general_record" ("id"));
DROP TABLE "general_rel_nonmaterial_addresses";
CREATE TABLE "general_rel_nonmaterial_addresses" ("id" integer NOT NULL PRIMARY KEY AUTOINCREMENT, "nonmaterial_id" integer NOT NULL REFERENCES "general_nonmaterial" ("id"), "relation_id" integer NULL REFERENCES "general_relation" ("id"), "address_id" integer NOT NULL REFERENCES "general_address" ("id"));
DROP TABLE "general_rel_nonmaterial_jobs";
CREATE TABLE "general_rel_nonmaterial_jobs" ("id" integer NOT NULL PRIMARY KEY AUTOINCREMENT, "job_id" integer NOT NULL REFERENCES "general_job" ("id"), "nonmaterial_id" integer NOT NULL REFERENCES "general_nonmaterial" ("id"), "relation_id" integer NULL REFERENCES "general_relation" ("id"));
DROP TABLE "general_rel_nonmaterial_nonmaterials";
CREATE TABLE "general_rel_nonmaterial_nonmaterials" ("id" integer NOT NULL PRIMARY KEY AUTOINCREMENT, "nonmaterial_id" integer NOT NULL REFERENCES "general_nonmaterial" ("id"), "nonmaterial2_id" integer NOT NULL REFERENCES "general_nonmaterial" ("id"), "relation_id" integer NULL REFERENCES "general_relation" ("id"));
DROP TABLE "general_rel_nonmaterial_records";
CREATE TABLE "general_rel_nonmaterial_records" ("id" integer NOT NULL PRIMARY KEY AUTOINCREMENT, "nonmaterial_id" integer NOT NULL REFERENCES "general_nonmaterial" ("id"), "relation_id" integer NULL REFERENCES "general_relation" ("id"), "record_id" integer NOT NULL REFERENCES "general_record" ("id"));
DROP TABLE "general_relation";
CREATE TABLE "general_relation" ("id" integer NOT NULL PRIMARY KEY AUTOINCREMENT, "name" varchar(200) NOT NULL UNIQUE, "gerund" varchar(200) NOT NULL, "description" text NOT NULL, "lft" integer unsigned NOT NULL, "rght" integer unsigned NOT NULL, "tree_id" integer unsigned NOT NULL, "level" integer unsigned NOT NULL, "clas" varchar(50) NOT NULL, "parent_id" integer NULL REFERENCES "general_relation" ("id"), "verb" varchar(200) NOT NULL);
INSERT INTO "general_relation" VALUES(1,':Relation Human - Human','','',1,38,1,0,'rel_hum_hum',NULL,'');
INSERT INTO "general_relation" VALUES(2,':Relation Human - Art','','',1,6,2,0,'rel_hum_art',NULL,'');
INSERT INTO "general_relation" VALUES(3,':Relation Human - Space','','',1,20,3,0,'rel_hum_spac',NULL,'');
INSERT INTO "general_relation" VALUES(4,':Relation Human - Artwork','','',1,16,4,0,'',NULL,'');
INSERT INTO "general_relation" VALUES(5,':relation Person - Project','','',18,29,1,1,'rel_pers_proj',1,'');
INSERT INTO "general_relation" VALUES(6,':relation Person - Person','','',36,37,1,1,'rel_pers_pers',1,'');
INSERT INTO "general_relation" VALUES(7,'participation','participating','',7,8,1,2,'',19,'to participate');
INSERT INTO "general_relation" VALUES(8,'help','helping','',5,6,1,2,'',19,'to help');
INSERT INTO "general_relation" VALUES(9,'collaboration','collaborating','',15,16,1,2,'',21,'to collaborate');
INSERT INTO "general_relation" VALUES(10,'contribution/collaboration','contributing/collaborating','',21,28,1,2,'contribute',5,'to contribute/collaborate');
INSERT INTO "general_relation" VALUES(11,'coordination','coordinating','',3,4,1,2,'reference',19,'to coordinate');
INSERT INTO "general_relation" VALUES(12,'contribution in a commission','contributing in a commission','',22,23,1,3,'',10,'to contribute in a commission');
INSERT INTO "general_relation" VALUES(13,'sporadic contribution in tasks','contributing occasionally','',24,25,1,3,'',10,'to contribute occasionally');
INSERT INTO "general_relation" VALUES(14,'economic contribution','contributing economically','',26,27,1,3,'',10,'to contribute economically');
INSERT INTO "general_relation" VALUES(15,':relation Project - Address','','',2,9,3,1,'rel_proj_addr',3,'');
INSERT INTO "general_relation" VALUES(16,'offer of space','offering the space','',4,5,3,3,'',17,'to offer the space');
INSERT INTO "general_relation" VALUES(17,'management of space','managing the space','',3,6,3,2,'',15,'to manage the space');
INSERT INTO "general_relation" VALUES(18,':relation Project - Company','','',10,13,1,1,'rel_proj_empr',1,'');
INSERT INTO "general_relation" VALUES(19,':relation Project - Person','','',2,9,1,1,'rel_proj_pers',1,'');
INSERT INTO "general_relation" VALUES(20,'usage','using','',11,12,1,2,'',18,'to use');
INSERT INTO "general_relation" VALUES(21,':relation Project - Project','','',14,17,1,1,'rel_proj_proj',1,'');
INSERT INTO "general_relation" VALUES(22,':relation Person - Company','','',30,35,1,1,'rel_pers_comp',1,'');
INSERT INTO "general_relation" VALUES(23,'use a space','using the space','',7,8,3,2,'',15,'to use the space');
INSERT INTO "general_relation" VALUES(24,':relation Person - Address','','',10,15,3,1,'rel_pers_addr',3,'');
INSERT INTO "general_relation" VALUES(25,'habitation','habitating in','',11,12,3,2,'',24,'to habitate in');
INSERT INTO "general_relation" VALUES(26,'work in','working in','',13,14,3,2,'',24,'to work in');
INSERT INTO "general_relation" VALUES(27,'follow','following','',19,20,1,2,'',5,'to follow');
INSERT INTO "general_relation" VALUES(28,'learning','learning','',2,3,2,1,'',2,'to learn');
INSERT INTO "general_relation" VALUES(29,'practication','practicating','',4,5,2,1,'',2,'to practicate');
INSERT INTO "general_relation" VALUES(30,':relation Human - Record','','',2,5,4,1,'rel_hum_reco',4,'');
INSERT INTO "general_relation" VALUES(31,'buy to a company','buying to a company','',31,32,1,2,'',22,'to buy to a company');
INSERT INTO "general_relation" VALUES(32,'work for a company','working for a company','',33,34,1,2,'',22,'to work for a company');
INSERT INTO "general_relation" VALUES(33,':relation Human - Region','','',16,19,3,1,'rel_hum_regi',3,'');
INSERT INTO "general_relation" VALUES(34,'living in','living in','',17,18,3,2,'',33,'to live in');
INSERT INTO "general_relation" VALUES(35,':relation Human - Material artwork','','',6,9,4,1,'rel_hum_mate',4,'');
INSERT INTO "general_relation" VALUES(36,'ownership of record','owning the record','',3,4,4,2,'holder',30,'to own the record');
INSERT INTO "general_relation" VALUES(37,'pertenence','pertaining','',7,8,4,2,'',35,'to pertain');
INSERT INTO "general_relation" VALUES(38,':relation Human - Nonmaterial artwork','','',10,15,4,1,'rel_hum_nonm',4,'');
INSERT INTO "general_relation" VALUES(39,'representation','representing','',11,12,4,2,'',38,'to represent');
INSERT INTO "general_relation" VALUES(40,'offer of non-material','offering a non-material','',13,14,4,2,'',38,'to offer a non-material');
INSERT INTO "general_relation" VALUES(41,':relation Material artwork - Address','','',2,5,9,1,'rel_mat_addr',46,'');
INSERT INTO "general_relation" VALUES(42,'parking in','parking in','',3,4,9,2,'',41,'to park in');
INSERT INTO "general_relation" VALUES(43,':relation Material artwork - Record','','',2,3,10,1,'rel_mat_reco',47,'');
INSERT INTO "general_relation" VALUES(44,':relation Material artwork - Non-material artwork','','',6,7,10,1,'rel_mat_nonm',47,'');
INSERT INTO "general_relation" VALUES(45,':relation Material artwork - Material artwork','','',4,5,10,1,'rel_mat_mate',47,'');
INSERT INTO "general_relation" VALUES(46,':Relation Artwork - Space','','',1,8,9,0,'',NULL,'');
INSERT INTO "general_relation" VALUES(47,':Relation Artwork - Artwork','','',1,12,10,0,'',NULL,'');
INSERT INTO "general_relation" VALUES(48,':Relation Artwork - Art','','',1,8,11,0,'',NULL,'');
INSERT INTO "general_relation" VALUES(49,':relation Material artwork - Job','','',2,5,11,1,'rel_mat_jobs',48,'');
INSERT INTO "general_relation" VALUES(50,':relation Non-material artwork - Address','','',6,7,9,1,'rel_non_addr',46,'');
INSERT INTO "general_relation" VALUES(51,':relation Non-material artwork - Record','','',8,9,10,1,'rel_non_reco',47,'');
INSERT INTO "general_relation" VALUES(52,':relation Non-material artwork - Job','','',6,7,11,1,'rel_non_jobs',48,'');
INSERT INTO "general_relation" VALUES(53,':relation Non-material artwork - Non-material artwork','','',10,11,10,1,'rel_non_nonm',47,'');
INSERT INTO "general_relation" VALUES(54,'service for','serving for','',3,4,11,2,'',49,'to service for');
DROP TABLE "general_type";
CREATE TABLE "general_type" ("id" integer NOT NULL PRIMARY KEY AUTOINCREMENT, "description" text NOT NULL, "lft" integer unsigned NOT NULL, "rght" integer unsigned NOT NULL, "tree_id" integer unsigned NOT NULL, "level" integer unsigned NOT NULL, "clas" varchar(200) NOT NULL, "parent_id" integer NULL REFERENCES "general_type" ("id"), "name" varchar(200) NOT NULL UNIQUE);
INSERT INTO "general_type" VALUES(1,'',1,44,1,0,'Being',NULL,'Being');
INSERT INTO "general_type" VALUES(2,'',1,24,2,0,'Space',NULL,'Space');
INSERT INTO "general_type" VALUES(3,'',1,258,3,0,'Artwork',NULL,'Artwork');
INSERT INTO "general_type" VALUES(4,'',2,3,1,1,'Person',1,'Person');
INSERT INTO "general_type" VALUES(5,'',4,35,1,1,'Project',1,'Project');
INSERT INTO "general_type" VALUES(6,'',36,43,1,1,'Company',1,'Company');
INSERT INTO "general_type" VALUES(7,'',2,9,2,1,'Address',2,'Address');
INSERT INTO "general_type" VALUES(8,'',10,23,2,1,'Region',2,'Region');
INSERT INTO "general_type" VALUES(9,'',2,59,3,1,'Material',3,'Material');
INSERT INTO "general_type" VALUES(10,'',60,165,3,1,'Nonmaterial',3,'Non-material');
INSERT INTO "general_type" VALUES(11,'',166,239,3,1,'Record',3,'Record');
INSERT INTO "general_type" VALUES(12,'',240,257,3,1,'Unit',3,'Unit');
INSERT INTO "general_type" VALUES(13,'',5,32,1,2,'ic_project',5,'IC Project');
INSERT INTO "general_type" VALUES(14,'',167,180,3,2,'UnitRatio',11,'Unit Ratio');
INSERT INTO "general_type" VALUES(15,'',181,188,3,2,'',11,'currency Account');
INSERT INTO "general_type" VALUES(16,'',182,183,3,3,'AccountCes',15,'CES account');
INSERT INTO "general_type" VALUES(17,'',184,185,3,3,'AccountCrypto',15,'Crypto account');
INSERT INTO "general_type" VALUES(18,'',186,187,3,3,'AccountBank',15,'Bank account');
INSERT INTO "general_type" VALUES(19,'',37,38,1,2,'cooperative',6,'Cooperative');
INSERT INTO "general_type" VALUES(20,'',39,40,1,2,'bank',6,'Bank');
INSERT INTO "general_type" VALUES(21,'',7,8,1,4,'',23,'Local Selfmanaged Group');
INSERT INTO "general_type" VALUES(22,'',9,10,1,4,'ces',23,'Regional Network ("Ecoxarxa")');
INSERT INTO "general_type" VALUES(23,'',6,19,1,3,'public',13,'Public');
INSERT INTO "general_type" VALUES(24,'',11,12,1,4,'ces',23,'Integral Cooperative');
INSERT INTO "general_type" VALUES(25,'',13,14,1,4,'',23,'Productive Public');
INSERT INTO "general_type" VALUES(26,'',15,16,1,4,'',23,'Common Service');
INSERT INTO "general_type" VALUES(27,'',27,28,1,4,'',63,'Cooperating Collective');
INSERT INTO "general_type" VALUES(28,'',29,30,1,4,'',63,'Consumer Group');
INSERT INTO "general_type" VALUES(29,'',20,21,1,3,'',13,'Services project');
INSERT INTO "general_type" VALUES(31,'',22,25,1,3,'selfemployed',13,'Selfemployed');
INSERT INTO "general_type" VALUES(32,'',23,24,1,4,'',31,'Selfemployed stallholder');
INSERT INTO "general_type" VALUES(34,'',241,248,3,2,'currency',12,'Currency');
INSERT INTO "general_type" VALUES(35,'',242,243,3,3,'social_currency',34,'Social Currency');
INSERT INTO "general_type" VALUES(36,'',244,245,3,3,'crypto_currency',34,'Crypto Currency');
INSERT INTO "general_type" VALUES(37,'',246,247,3,3,'fiat_currency',34,'Fiat Currency');
INSERT INTO "general_type" VALUES(38,'',249,250,3,2,'area',12,'Area');
INSERT INTO "general_type" VALUES(39,'',11,20,2,2,'',8,'Continent');
INSERT INTO "general_type" VALUES(40,'',12,13,2,3,'',39,'Country');
INSERT INTO "general_type" VALUES(41,'',14,19,2,3,'',39,'Cultural Community');
INSERT INTO "general_type" VALUES(42,'',15,16,2,4,'',41,'Bioregion');
INSERT INTO "general_type" VALUES(43,'',17,18,2,4,'region',41,'County');
INSERT INTO "general_type" VALUES(44,'',3,4,2,2,'',7,'Collective Polyvalent Space');
INSERT INTO "general_type" VALUES(45,'',5,6,2,2,'',7,'Workspace');
INSERT INTO "general_type" VALUES(46,'',7,8,2,2,'',7,'Housing');
INSERT INTO "general_type" VALUES(47,'',33,34,1,2,'',5,'Worldwide Network');
INSERT INTO "general_type" VALUES(48,'',251,252,3,2,'time_currency',12,'Time');
INSERT INTO "general_type" VALUES(49,'',133,140,3,4,'',84,'live Formation');
INSERT INTO "general_type" VALUES(50,'',109,142,3,2,'',10,'Cultural artwork');
INSERT INTO "general_type" VALUES(51,'',143,160,3,2,'',10,'Digital artwork');
INSERT INTO "general_type" VALUES(52,'',134,139,3,5,'',49,'IC formation');
INSERT INTO "general_type" VALUES(53,'',135,136,3,6,'',52,'session of Collective formation');
INSERT INTO "general_type" VALUES(54,'',137,138,3,6,'',52,'session of Individual formation');
INSERT INTO "general_type" VALUES(55,'',40,47,3,3,'',89,'Machine');
INSERT INTO "general_type" VALUES(56,'',41,44,3,4,'',55,'Vehicle');
INSERT INTO "general_type" VALUES(57,'',42,43,3,5,'',56,'Car');
INSERT INTO "general_type" VALUES(58,'',168,169,3,3,'',14,'ratio Currency - Time');
INSERT INTO "general_type" VALUES(59,'',170,171,3,3,'',14,'ratio Currency - Currency');
INSERT INTO "general_type" VALUES(60,'',172,173,3,3,'',14,'ratio Area - Area');
INSERT INTO "general_type" VALUES(61,'',174,175,3,3,'',14,'ratio Time - Time');
INSERT INTO "general_type" VALUES(62,'',21,22,2,2,'',8,'Planet');
INSERT INTO "general_type" VALUES(63,'',26,31,1,3,'online',13,'Online');
INSERT INTO "general_type" VALUES(64,'',41,42,1,2,'',6,'Insurance company');
INSERT INTO "general_type" VALUES(65,'',119,126,3,4,'',149,'Image');
INSERT INTO "general_type" VALUES(66,'',17,18,1,4,'ic_larder',23,'Larder');
INSERT INTO "general_type" VALUES(67,'',253,254,3,2,'weight',12,'Weight');
INSERT INTO "general_type" VALUES(68,'',255,256,3,2,'length',12,'Length');
INSERT INTO "general_type" VALUES(69,'',176,177,3,3,'',14,'ratio Length - Length');
INSERT INTO "general_type" VALUES(70,'',178,179,3,3,'',14,'ratio Weight - Weight');
INSERT INTO "general_type" VALUES(71,'',110,117,3,3,'',50,'Text');
INSERT INTO "general_type" VALUES(72,'',111,112,3,4,'',71,'Translation');
INSERT INTO "general_type" VALUES(73,'',113,114,3,4,'',71,'Poem');
INSERT INTO "general_type" VALUES(74,'',115,116,3,4,'',71,'Article');
INSERT INTO "general_type" VALUES(75,'',144,151,3,3,'',51,'Website');
INSERT INTO "general_type" VALUES(76,'',147,148,3,4,'',75,'Database');
INSERT INTO "general_type" VALUES(77,'',120,121,3,5,'',65,'Photo');
INSERT INTO "general_type" VALUES(78,'',122,123,3,5,'',65,'Illustration');
INSERT INTO "general_type" VALUES(79,'',124,125,3,5,'',65,'Graphic/Diagram');
INSERT INTO "general_type" VALUES(80,'',149,150,3,4,'',75,'Hosting Plan');
INSERT INTO "general_type" VALUES(81,'',145,146,3,4,'',75,'Plugin');
INSERT INTO "general_type" VALUES(82,'',129,130,3,4,'',84,'live Music');
INSERT INTO "general_type" VALUES(83,'',131,132,3,4,'',84,'Performance');
INSERT INTO "general_type" VALUES(84,'',128,141,3,3,'',50,'Live Event');
INSERT INTO "general_type" VALUES(85,'',152,157,3,3,'',51,'digital Music');
INSERT INTO "general_type" VALUES(86,'',153,154,3,4,'',85,'Song/Track');
INSERT INTO "general_type" VALUES(87,'',155,156,3,4,'',85,'Album');
INSERT INTO "general_type" VALUES(88,'',31,38,3,2,'',9,'Raw Material');
INSERT INTO "general_type" VALUES(89,'',39,50,3,2,'',9,'Tool');
INSERT INTO "general_type" VALUES(90,'',48,49,3,3,'',89,'Manual Tool');
INSERT INTO "general_type" VALUES(91,'',32,33,3,3,'',88,'raw Vegetal');
INSERT INTO "general_type" VALUES(92,'',34,35,3,3,'',88,'raw Mineral');
INSERT INTO "general_type" VALUES(93,'',36,37,3,3,'',88,'raw Animal');
INSERT INTO "general_type" VALUES(94,'',45,46,3,4,'',55,'Motor Hand Tool');
INSERT INTO "general_type" VALUES(95,'',51,56,3,2,'',9,'Food');
INSERT INTO "general_type" VALUES(96,'',52,53,3,3,'',95,'Artisan Vegetal derivate');
INSERT INTO "general_type" VALUES(97,'',57,58,3,2,'',9,'Drinks');
INSERT INTO "general_type" VALUES(98,'',54,55,3,3,'',95,'Artisan Animal derivate');
INSERT INTO "general_type" VALUES(124,'',189,238,3,2,'ocp_record',11,'OCP Record');
INSERT INTO "general_type" VALUES(125,'',190,237,3,3,'ocp_exchange',124,'OCP ExchangeType');
INSERT INTO "general_type" VALUES(126,'',191,208,3,4,'',125,'Gift Economy:');
INSERT INTO "general_type" VALUES(127,'',209,218,3,4,'',125,'Exchange Economy:');
INSERT INTO "general_type" VALUES(128,'',219,236,3,4,'',125,'Monetary Economy:');
INSERT INTO "general_type" VALUES(129,'Donate or present as a gift',192,199,3,5,'',126,'Give:');
INSERT INTO "general_type" VALUES(130,'',200,207,3,5,'',126,'Receive:');
INSERT INTO "general_type" VALUES(131,'',193,194,3,6,'',129,'give Material resources');
INSERT INTO "general_type" VALUES(132,'',195,198,3,6,'',129,'give Non-material resources');
INSERT INTO "general_type" VALUES(133,'',196,197,3,7,'',132,'give Service time');
INSERT INTO "general_type" VALUES(134,'',201,202,3,6,'',130,'receive Material resources');
INSERT INTO "general_type" VALUES(135,'',203,206,3,6,'',130,'receive Non-material resources');
INSERT INTO "general_type" VALUES(136,'',204,205,3,7,'',135,'receive Service time');
INSERT INTO "general_type" VALUES(137,'',210,211,3,5,'',127,'exchange Material for Material');
INSERT INTO "general_type" VALUES(138,'',212,213,3,5,'',127,'exchange Material for Non-material');
INSERT INTO "general_type" VALUES(139,'',214,215,3,5,'',127,'exchange Non-material for Material');
INSERT INTO "general_type" VALUES(140,'',216,217,3,5,'',127,'exchange Non-material for Non-material');
INSERT INTO "general_type" VALUES(141,'',220,227,3,5,'',128,'Sell:');
INSERT INTO "general_type" VALUES(142,'',228,235,3,5,'',128,'Buy:');
INSERT INTO "general_type" VALUES(143,'',221,222,3,6,'',141,'sell Material resources');
INSERT INTO "general_type" VALUES(144,'',223,226,3,6,'',141,'sell Non-material resources');
INSERT INTO "general_type" VALUES(145,'',224,225,3,7,'',144,'sell Service time');
INSERT INTO "general_type" VALUES(146,'',229,230,3,6,'',142,'buy Material resources');
INSERT INTO "general_type" VALUES(147,'',231,234,3,6,'',142,'buy Non-material resources');
INSERT INTO "general_type" VALUES(148,'',232,233,3,7,'',147,'buy Service time');
INSERT INTO "general_type" VALUES(149,'',118,127,3,3,'',50,'Visual');
INSERT INTO "general_type" VALUES(150,'',163,164,3,2,'',10,'Service');
INSERT INTO "general_type" VALUES(151,'',158,159,3,3,'',51,'digital File');
DROP TABLE "general_unit";
CREATE TABLE "general_unit" ("id" integer NOT NULL PRIMARY KEY AUTOINCREMENT, "name" varchar(200) NULL, "description" text NULL, "code" varchar(4) NOT NULL, "human_id" integer NULL REFERENCES "general_human" ("id"), "region_id" integer NULL REFERENCES "general_region" ("id"), "unit_type_id" integer NULL REFERENCES "general_unit_type" ("artwork_type_id"));
INSERT INTO "general_unit" VALUES(1,'EcoCoop','','eco',3,NULL,35);
INSERT INTO "general_unit" VALUES(2,'Euro','','€',NULL,NULL,37);
INSERT INTO "general_unit" VALUES(3,'Square Meter','','m2',NULL,NULL,38);
INSERT INTO "general_unit" VALUES(4,'Hectare','','Ha',NULL,NULL,38);
INSERT INTO "general_unit" VALUES(5,'Hour','','h',NULL,NULL,48);
INSERT INTO "general_unit" VALUES(6,'Riu','','riu',17,4,35);
INSERT INTO "general_unit" VALUES(7,'FairCoin','','ƒ',NULL,6,36);
INSERT INTO "general_unit" VALUES(8,'Day','','dd',NULL,NULL,48);
INSERT INTO "general_unit" VALUES(9,'Moon cycle','','moon',NULL,NULL,48);
INSERT INTO "general_unit" VALUES(10,'Year','','yy',NULL,NULL,48);
INSERT INTO "general_unit" VALUES(11,'SocialCurrency','','SCUR',NULL,NULL,35);
INSERT INTO "general_unit" VALUES(12,'Meter','','m',NULL,NULL,68);
INSERT INTO "general_unit" VALUES(13,'Kilometer','','Km',NULL,NULL,68);
INSERT INTO "general_unit" VALUES(14,'Kilogram','','Kg',NULL,NULL,67);
INSERT INTO "general_unit" VALUES(15,'Gram','','gr',NULL,NULL,67);
DROP TABLE "general_unitratio";
CREATE TABLE "general_unitratio" ("record_id" integer NOT NULL PRIMARY KEY REFERENCES "general_record" ("id"), "in_unit_id" integer NOT NULL REFERENCES "general_unit" ("id"), "out_unit_id" integer NOT NULL REFERENCES "general_unit" ("id"), "rate" decimal NOT NULL);
INSERT INTO "general_unitratio" VALUES(3,1,5,10);
INSERT INTO "general_unitratio" VALUES(4,1,2,1);
INSERT INTO "general_unitratio" VALUES(5,6,2,1);
INSERT INTO "general_unitratio" VALUES(6,5,8,24);
INSERT INTO "general_unitratio" VALUES(7,8,9,28);
INSERT INTO "general_unitratio" VALUES(8,9,10,13);
INSERT INTO "general_unitratio" VALUES(9,7,11,20);
INSERT INTO "general_unitratio" VALUES(10,12,13,1000);
INSERT INTO "general_unitratio" VALUES(11,15,14,1000);
DROP TABLE "general_address_jobs";
CREATE TABLE "general_address_jobs" ("id" integer NOT NULL PRIMARY KEY AUTOINCREMENT, "address_id" integer NOT NULL REFERENCES "general_address" ("id"), "job_id" integer NOT NULL REFERENCES "general_job" ("id"), UNIQUE ("address_id", "job_id"));
DROP TABLE "general_rel_human_jobs";
CREATE TABLE "general_rel_human_jobs" ("id" integer NOT NULL PRIMARY KEY AUTOINCREMENT, "human_id" integer NOT NULL REFERENCES "general_human" ("id"), "job_id" integer NOT NULL REFERENCES "general_job" ("id"), "relation_id" integer NULL REFERENCES "general_relation" ("id"));
INSERT INTO "general_rel_human_jobs" VALUES(1,4,21,29);

CREATE INDEX "general_accountbank_447d3092" ON "general_accountbank" ("company_id");
CREATE INDEX "general_accountbank_90062ed5" ON "general_accountbank" ("human_id");
CREATE INDEX "general_accountbank_e8175980" ON "general_accountbank" ("unit_id");
CREATE INDEX "general_accountces_dffc4713" ON "general_accountces" ("entity_id");
CREATE INDEX "general_accountces_90062ed5" ON "general_accountces" ("human_id");
CREATE INDEX "general_accountces_e8175980" ON "general_accountces" ("unit_id");
CREATE INDEX "general_accountcrypto_90062ed5" ON "general_accountcrypto" ("human_id");
CREATE INDEX "general_accountcrypto_e8175980" ON "general_accountcrypto" ("unit_id");
CREATE INDEX "general_address_18232d5b" ON "general_address" ("address_type_id");
CREATE INDEX "general_address_0f442f96" ON "general_address" ("region_id");
CREATE INDEX "general_address_04cd67a5" ON "general_address" ("size_unit_id");
CREATE INDEX "general_asset_90062ed5" ON "general_asset" ("human_id");
CREATE INDEX "general_company_067bfe8b" ON "general_company" ("company_type_id");
CREATE INDEX "general_job_caf7cc51" ON "general_job" ("lft");
CREATE INDEX "general_job_3cfbd988" ON "general_job" ("rght");
CREATE INDEX "general_job_656442a0" ON "general_job" ("tree_id");
CREATE INDEX "general_job_c9e9a848" ON "general_job" ("level");
CREATE INDEX "general_job_6be37982" ON "general_job" ("parent_id");
CREATE INDEX "general_material_bcca2c2a" ON "general_material" ("material_type_id");
CREATE INDEX "general_nonmaterial_61e152a3" ON "general_nonmaterial" ("nonmaterial_type_id");
CREATE INDEX "general_project_caf7cc51" ON "general_project" ("lft");
CREATE INDEX "general_project_3cfbd988" ON "general_project" ("rght");
CREATE INDEX "general_project_656442a0" ON "general_project" ("tree_id");
CREATE INDEX "general_project_c9e9a848" ON "general_project" ("level");
CREATE INDEX "general_project_6be37982" ON "general_project" ("parent_id");
CREATE INDEX "general_project_9894c25e" ON "general_project" ("project_type_id");
CREATE INDEX "general_record_6c31fb9d" ON "general_record" ("record_type_id");
CREATE INDEX "general_region_caf7cc51" ON "general_region" ("lft");
CREATE INDEX "general_region_3cfbd988" ON "general_region" ("rght");
CREATE INDEX "general_region_656442a0" ON "general_region" ("tree_id");
CREATE INDEX "general_region_c9e9a848" ON "general_region" ("level");
CREATE INDEX "general_region_6be37982" ON "general_region" ("parent_id");
CREATE INDEX "general_region_1a6a5d39" ON "general_region" ("region_type_id");
CREATE INDEX "general_rel_human_addresses_ea8e5d12" ON "general_rel_human_addresses" ("address_id");
CREATE INDEX "general_rel_human_addresses_90062ed5" ON "general_rel_human_addresses" ("human_id");
CREATE INDEX "general_rel_human_addresses_76258650" ON "general_rel_human_addresses" ("relation_id");
CREATE INDEX "general_rel_human_companies_447d3092" ON "general_rel_human_companies" ("company_id");
CREATE INDEX "general_rel_human_companies_90062ed5" ON "general_rel_human_companies" ("human_id");
CREATE INDEX "general_rel_human_companies_76258650" ON "general_rel_human_companies" ("relation_id");
CREATE INDEX "general_rel_human_materials_90062ed5" ON "general_rel_human_materials" ("human_id");
CREATE INDEX "general_rel_human_materials_eb4b9aaa" ON "general_rel_human_materials" ("material_id");
CREATE INDEX "general_rel_human_materials_76258650" ON "general_rel_human_materials" ("relation_id");
CREATE INDEX "general_rel_human_nonmaterials_90062ed5" ON "general_rel_human_nonmaterials" ("human_id");
CREATE INDEX "general_rel_human_nonmaterials_e318a084" ON "general_rel_human_nonmaterials" ("nonmaterial_id");
CREATE INDEX "general_rel_human_nonmaterials_76258650" ON "general_rel_human_nonmaterials" ("relation_id");
CREATE INDEX "general_rel_human_persons_90062ed5" ON "general_rel_human_persons" ("human_id");
CREATE INDEX "general_rel_human_persons_a8452ca7" ON "general_rel_human_persons" ("person_id");
CREATE INDEX "general_rel_human_persons_76258650" ON "general_rel_human_persons" ("relation_id");
CREATE INDEX "general_rel_human_projects_90062ed5" ON "general_rel_human_projects" ("human_id");
CREATE INDEX "general_rel_human_projects_b098ad43" ON "general_rel_human_projects" ("project_id");
CREATE INDEX "general_rel_human_projects_76258650" ON "general_rel_human_projects" ("relation_id");
CREATE INDEX "general_rel_human_records_90062ed5" ON "general_rel_human_records" ("human_id");
CREATE INDEX "general_rel_human_records_5ca316a7" ON "general_rel_human_records" ("record_id");
CREATE INDEX "general_rel_human_records_76258650" ON "general_rel_human_records" ("relation_id");
CREATE INDEX "general_rel_human_regions_90062ed5" ON "general_rel_human_regions" ("human_id");
CREATE INDEX "general_rel_human_regions_0f442f96" ON "general_rel_human_regions" ("region_id");
CREATE INDEX "general_rel_human_regions_76258650" ON "general_rel_human_regions" ("relation_id");
CREATE INDEX "general_rel_material_addresses_eb4b9aaa" ON "general_rel_material_addresses" ("material_id");
CREATE INDEX "general_rel_material_addresses_76258650" ON "general_rel_material_addresses" ("relation_id");
CREATE INDEX "general_rel_material_addresses_ea8e5d12" ON "general_rel_material_addresses" ("address_id");
CREATE INDEX "general_rel_material_jobs_d697ea38" ON "general_rel_material_jobs" ("job_id");
CREATE INDEX "general_rel_material_jobs_eb4b9aaa" ON "general_rel_material_jobs" ("material_id");
CREATE INDEX "general_rel_material_jobs_76258650" ON "general_rel_material_jobs" ("relation_id");
CREATE INDEX "general_rel_material_materials_eb4b9aaa" ON "general_rel_material_materials" ("material_id");
CREATE INDEX "general_rel_material_materials_c25e4003" ON "general_rel_material_materials" ("material2_id");
CREATE INDEX "general_rel_material_materials_76258650" ON "general_rel_material_materials" ("relation_id");
CREATE INDEX "general_rel_material_nonmaterials_eb4b9aaa" ON "general_rel_material_nonmaterials" ("material_id");
CREATE INDEX "general_rel_material_nonmaterials_76258650" ON "general_rel_material_nonmaterials" ("relation_id");
CREATE INDEX "general_rel_material_nonmaterials_e318a084" ON "general_rel_material_nonmaterials" ("nonmaterial_id");
CREATE INDEX "general_rel_material_records_eb4b9aaa" ON "general_rel_material_records" ("material_id");
CREATE INDEX "general_rel_material_records_76258650" ON "general_rel_material_records" ("relation_id");
CREATE INDEX "general_rel_material_records_5ca316a7" ON "general_rel_material_records" ("record_id");
CREATE INDEX "general_rel_nonmaterial_addresses_e318a084" ON "general_rel_nonmaterial_addresses" ("nonmaterial_id");
CREATE INDEX "general_rel_nonmaterial_addresses_76258650" ON "general_rel_nonmaterial_addresses" ("relation_id");
CREATE INDEX "general_rel_nonmaterial_addresses_ea8e5d12" ON "general_rel_nonmaterial_addresses" ("address_id");
CREATE INDEX "general_rel_nonmaterial_jobs_d697ea38" ON "general_rel_nonmaterial_jobs" ("job_id");
CREATE INDEX "general_rel_nonmaterial_jobs_e318a084" ON "general_rel_nonmaterial_jobs" ("nonmaterial_id");
CREATE INDEX "general_rel_nonmaterial_jobs_76258650" ON "general_rel_nonmaterial_jobs" ("relation_id");
CREATE INDEX "general_rel_nonmaterial_nonmaterials_e318a084" ON "general_rel_nonmaterial_nonmaterials" ("nonmaterial_id");
CREATE INDEX "general_rel_nonmaterial_nonmaterials_7e13f2d8" ON "general_rel_nonmaterial_nonmaterials" ("nonmaterial2_id");
CREATE INDEX "general_rel_nonmaterial_nonmaterials_76258650" ON "general_rel_nonmaterial_nonmaterials" ("relation_id");
CREATE INDEX "general_rel_nonmaterial_records_e318a084" ON "general_rel_nonmaterial_records" ("nonmaterial_id");
CREATE INDEX "general_rel_nonmaterial_records_76258650" ON "general_rel_nonmaterial_records" ("relation_id");
CREATE INDEX "general_rel_nonmaterial_records_5ca316a7" ON "general_rel_nonmaterial_records" ("record_id");
CREATE INDEX "general_relation_caf7cc51" ON "general_relation" ("lft");
CREATE INDEX "general_relation_3cfbd988" ON "general_relation" ("rght");
CREATE INDEX "general_relation_656442a0" ON "general_relation" ("tree_id");
CREATE INDEX "general_relation_c9e9a848" ON "general_relation" ("level");
CREATE INDEX "general_relation_6be37982" ON "general_relation" ("parent_id");
CREATE INDEX "general_type_caf7cc51" ON "general_type" ("lft");
CREATE INDEX "general_type_3cfbd988" ON "general_type" ("rght");
CREATE INDEX "general_type_656442a0" ON "general_type" ("tree_id");
CREATE INDEX "general_type_c9e9a848" ON "general_type" ("level");
CREATE INDEX "general_type_6be37982" ON "general_type" ("parent_id");
CREATE INDEX "general_unit_90062ed5" ON "general_unit" ("human_id");
CREATE INDEX "general_unit_0f442f96" ON "general_unit" ("region_id");
CREATE INDEX "general_unit_9f43caa0" ON "general_unit" ("unit_type_id");
CREATE INDEX "general_unitratio_ceed3714" ON "general_unitratio" ("in_unit_id");
CREATE INDEX "general_unitratio_8fd14cad" ON "general_unitratio" ("out_unit_id");
CREATE INDEX "general_address_jobs_ea8e5d12" ON "general_address_jobs" ("address_id");
CREATE INDEX "general_address_jobs_d697ea38" ON "general_address_jobs" ("job_id");
CREATE INDEX "general_rel_human_jobs_90062ed5" ON "general_rel_human_jobs" ("human_id");
CREATE INDEX "general_rel_human_jobs_d697ea38" ON "general_rel_human_jobs" ("job_id");
CREATE INDEX "general_rel_human_jobs_76258650" ON "general_rel_human_jobs" ("relation_id");
COMMIT;
