PRAGMA foreign_keys=OFF;
BEGIN TRANSACTION;
DROP TABLE "general_type";
CREATE TABLE "general_type" ("id" integer NOT NULL PRIMARY KEY AUTOINCREMENT, "description" text NOT NULL, "lft" integer unsigned NOT NULL, "rght" integer unsigned NOT NULL, "tree_id" integer unsigned NOT NULL, "level" integer unsigned NOT NULL, "clas" varchar(200) NOT NULL, "parent_id" integer NULL REFERENCES "general_type" ("id"), "name" varchar(200) NOT NULL UNIQUE);
INSERT INTO "general_type" VALUES(1,'',1,44,1,0,'Being',NULL,'Being');
INSERT INTO "general_type" VALUES(2,'',1,24,2,0,'Space',NULL,'Space');
INSERT INTO "general_type" VALUES(3,'',1,312,3,0,'Artwork',NULL,'Artwork');
INSERT INTO "general_type" VALUES(4,'',2,3,1,1,'Person',1,'Person');
INSERT INTO "general_type" VALUES(5,'',4,35,1,1,'Project',1,'Project');
INSERT INTO "general_type" VALUES(6,'',36,43,1,1,'Company',1,'Company');
INSERT INTO "general_type" VALUES(7,'',2,9,2,1,'Address',2,'Address');
INSERT INTO "general_type" VALUES(8,'',10,23,2,1,'Region',2,'Region');
INSERT INTO "general_type" VALUES(9,'',2,63,3,1,'Material',3,'Material');
INSERT INTO "general_type" VALUES(10,'',64,135,3,1,'Nonmaterial',3,'Non-material');
INSERT INTO "general_type" VALUES(11,'',136,257,3,1,'Record',3,'Record');
INSERT INTO "general_type" VALUES(12,'',258,311,3,1,'Unit',3,'Unit');
INSERT INTO "general_type" VALUES(13,'',5,32,1,2,'ic_project',5,'IC Project');
INSERT INTO "general_type" VALUES(14,'',137,150,3,2,'UnitRatio',11,'Unit Ratio');
INSERT INTO "general_type" VALUES(15,'',151,158,3,2,'',11,'currency Account');
INSERT INTO "general_type" VALUES(16,'',152,153,3,3,'AccountCes',15,'CES account');
INSERT INTO "general_type" VALUES(17,'',154,155,3,3,'AccountCrypto',15,'Crypto account');
INSERT INTO "general_type" VALUES(18,'',156,157,3,3,'AccountBank',15,'Bank account');
INSERT INTO "general_type" VALUES(19,'',37,38,1,2,'cooperative',6,'Cooperative');
INSERT INTO "general_type" VALUES(20,'',39,40,1,2,'bank',6,'Bank');
INSERT INTO "general_type" VALUES(21,'',7,8,1,4,'',23,'Local Selfmanaged Group');
INSERT INTO "general_type" VALUES(22,'',9,10,1,4,'ces',23,'Regional Network ("Ecoxarxa")');
INSERT INTO "general_type" VALUES(23,'',6,19,1,3,'public',13,'Public');
INSERT INTO "general_type" VALUES(24,'',11,12,1,4,'ces',23,'Integral Cooperative');
INSERT INTO "general_type" VALUES(25,'',13,14,1,4,'',23,'Productive Public');
INSERT INTO "general_type" VALUES(26,'',15,16,1,4,'',23,'Common Service');
INSERT INTO "general_type" VALUES(27,'',27,28,1,4,'',63,'Cooperating Collective');
INSERT INTO "general_type" VALUES(28,'',29,30,1,4,'',63,'Consumer Group');
INSERT INTO "general_type" VALUES(29,'',20,21,1,3,'',13,'Services project');
INSERT INTO "general_type" VALUES(31,'',22,25,1,3,'selfemployed',13,'Selfemployed');
INSERT INTO "general_type" VALUES(32,'',23,24,1,4,'',31,'Selfemployed stallholder');
INSERT INTO "general_type" VALUES(34,'',283,296,3,2,'currency',12,'Currency');
INSERT INTO "general_type" VALUES(35,'',284,287,3,3,'social_currency',34,'Social Currency');
INSERT INTO "general_type" VALUES(36,'',288,291,3,3,'crypto_currency',34,'Crypto Currency');
INSERT INTO "general_type" VALUES(37,'',292,295,3,3,'fiat_currency',34,'Fiat Currency');
INSERT INTO "general_type" VALUES(38,'',297,302,3,2,'area',12,'Area');
INSERT INTO "general_type" VALUES(39,'',11,20,2,2,'',8,'Continent');
INSERT INTO "general_type" VALUES(40,'',12,13,2,3,'',39,'Country');
INSERT INTO "general_type" VALUES(41,'',14,19,2,3,'',39,'Cultural Community');
INSERT INTO "general_type" VALUES(42,'',15,16,2,4,'',41,'Bioregion');
INSERT INTO "general_type" VALUES(43,'',17,18,2,4,'region',41,'County');
INSERT INTO "general_type" VALUES(44,'',3,4,2,2,'',7,'Collective Polyvalent Space');
INSERT INTO "general_type" VALUES(45,'',5,6,2,2,'',7,'Workspace');
INSERT INTO "general_type" VALUES(46,'',7,8,2,2,'',7,'Housing');
INSERT INTO "general_type" VALUES(47,'',33,34,1,2,'',5,'Worldwide Network');
INSERT INTO "general_type" VALUES(48,'',261,270,3,2,'time_currency',12,'Time');
INSERT INTO "general_type" VALUES(49,'',91,100,3,4,'',84,'live Formation');
INSERT INTO "general_type" VALUES(50,'',65,102,3,2,'',10,'Cultural artwork');
INSERT INTO "general_type" VALUES(51,'',103,120,3,2,'',10,'Digital artwork');
INSERT INTO "general_type" VALUES(52,'',92,97,3,5,'',49,'IC formation');
INSERT INTO "general_type" VALUES(53,'',93,94,3,6,'',52,'session of Collective formation');
INSERT INTO "general_type" VALUES(54,'',95,96,3,6,'',52,'session of Individual formation');
INSERT INTO "general_type" VALUES(55,'',16,25,3,3,'',89,'Machine');
INSERT INTO "general_type" VALUES(56,'',17,20,3,4,'',55,'Vehicle');
INSERT INTO "general_type" VALUES(57,'',18,19,3,5,'',56,'Car');
INSERT INTO "general_type" VALUES(58,'',138,139,3,3,'',14,'ratio Currency - Time');
INSERT INTO "general_type" VALUES(59,'',140,141,3,3,'',14,'ratio Currency - Currency');
INSERT INTO "general_type" VALUES(60,'',142,143,3,3,'',14,'ratio Area - Area');
INSERT INTO "general_type" VALUES(61,'',144,145,3,3,'',14,'ratio Time - Time');
INSERT INTO "general_type" VALUES(62,'',21,22,2,2,'',8,'Planet');
INSERT INTO "general_type" VALUES(63,'',26,31,1,3,'online',13,'Online');
INSERT INTO "general_type" VALUES(64,'',41,42,1,2,'',6,'Insurance company');
INSERT INTO "general_type" VALUES(65,'',77,84,3,4,'',149,'Image');
INSERT INTO "general_type" VALUES(66,'',17,18,1,4,'ic_larder',23,'Larder');
INSERT INTO "general_type" VALUES(67,'',271,276,3,2,'weight',12,'Weight');
INSERT INTO "general_type" VALUES(68,'',277,282,3,2,'length',12,'Length');
INSERT INTO "general_type" VALUES(69,'',146,147,3,3,'',14,'ratio Length - Length');
INSERT INTO "general_type" VALUES(70,'',148,149,3,3,'',14,'ratio Weight - Weight');
INSERT INTO "general_type" VALUES(71,'',66,75,3,3,'',50,'Text');
INSERT INTO "general_type" VALUES(73,'',67,68,3,4,'',71,'Poem');
INSERT INTO "general_type" VALUES(74,'',69,70,3,4,'',71,'Article');
INSERT INTO "general_type" VALUES(75,'',104,111,3,3,'',51,'Website');
INSERT INTO "general_type" VALUES(76,'',107,108,3,4,'',75,'Database');
INSERT INTO "general_type" VALUES(77,'',78,79,3,5,'',65,'Photo');
INSERT INTO "general_type" VALUES(78,'',80,81,3,5,'',65,'Illustration');
INSERT INTO "general_type" VALUES(79,'',82,83,3,5,'',65,'Graphic/Diagram');
INSERT INTO "general_type" VALUES(80,'',109,110,3,4,'',75,'Hosting Plan');
INSERT INTO "general_type" VALUES(81,'',105,106,3,4,'',75,'Plugin');
INSERT INTO "general_type" VALUES(82,'',87,88,3,4,'',84,'live Music');
INSERT INTO "general_type" VALUES(83,'',89,90,3,4,'',84,'Performance');
INSERT INTO "general_type" VALUES(84,'',86,101,3,3,'',50,'Live Event');
INSERT INTO "general_type" VALUES(85,'',112,117,3,3,'',51,'digital Music');
INSERT INTO "general_type" VALUES(86,'',113,114,3,4,'',85,'Song/Track');
INSERT INTO "general_type" VALUES(87,'',115,116,3,4,'',85,'Album');
INSERT INTO "general_type" VALUES(88,'',3,14,3,2,'',9,'Raw Material');
INSERT INTO "general_type" VALUES(89,'',15,28,3,2,'',9,'Tool');
INSERT INTO "general_type" VALUES(90,'',26,27,3,3,'',89,'Manual Tool');
INSERT INTO "general_type" VALUES(91,'',4,7,3,3,'',88,'raw Vegetal');
INSERT INTO "general_type" VALUES(92,'',8,9,3,3,'',88,'raw Mineral');
INSERT INTO "general_type" VALUES(93,'',10,11,3,3,'',88,'raw Animal');
INSERT INTO "general_type" VALUES(94,'',21,22,3,4,'',55,'Motor Hand Tool');
INSERT INTO "general_type" VALUES(95,'',34,41,3,3,'',160,'Food');
INSERT INTO "general_type" VALUES(96,'',35,38,3,4,'',95,'Artisan Vegetal derivate');
INSERT INTO "general_type" VALUES(97,'',42,43,3,3,'',160,'Drinks');
INSERT INTO "general_type" VALUES(98,'',39,40,3,4,'',95,'Artisan Animal derivate');
INSERT INTO "general_type" VALUES(124,'',159,256,3,2,'ocp_record',11,'OCP Record');
INSERT INTO "general_type" VALUES(125,'',160,255,3,3,'ocp_exchange',124,'OCP ExchangeType');
INSERT INTO "general_type" VALUES(126,'',161,178,3,4,'gift_economy',125,'Gift Economy:');
INSERT INTO "general_type" VALUES(127,'',179,194,3,4,'swap_economy',125,'Swap Economy:');
INSERT INTO "general_type" VALUES(128,'Mutual-credit currency operation',196,215,3,5,'social_economy',221,'Social Currency economy:');
INSERT INTO "general_type" VALUES(129,'Donate or present as a gift',162,169,3,5,'give',126,'Give:');
INSERT INTO "general_type" VALUES(130,'',170,177,3,5,'receive',126,'Receive:');
INSERT INTO "general_type" VALUES(131,'',163,164,3,6,'',129,'give Material resources');
INSERT INTO "general_type" VALUES(132,'',165,166,3,6,'',129,'give Non-material resources');
INSERT INTO "general_type" VALUES(133,'',167,168,3,6,'',129,'give Service time');
INSERT INTO "general_type" VALUES(134,'',171,172,3,6,'',130,'receive Material resources');
INSERT INTO "general_type" VALUES(135,'',173,174,3,6,'',130,'receive Non-material resources');
INSERT INTO "general_type" VALUES(136,'',175,176,3,6,'',130,'receive Service time');
INSERT INTO "general_type" VALUES(137,'',181,182,3,6,'',185,'swap Material for Material');
INSERT INTO "general_type" VALUES(138,'',183,184,3,6,'',185,'swap Material for Non-material');
INSERT INTO "general_type" VALUES(139,'',185,186,3,6,'',185,'swap Non-material for Material');
INSERT INTO "general_type" VALUES(140,'',187,188,3,6,'',185,'swap Non-material for Non-material');
INSERT INTO "general_type" VALUES(141,'',197,204,3,6,'sell',128,'social Sell:');
INSERT INTO "general_type" VALUES(142,'',205,212,3,6,'buy',128,'social Buy:');
INSERT INTO "general_type" VALUES(143,'',198,199,3,7,'',141,'social sell Material resources');
INSERT INTO "general_type" VALUES(144,'',200,201,3,7,'',141,'social sell Non-material resources');
INSERT INTO "general_type" VALUES(145,'',202,203,3,7,'',141,'social sell Service time');
INSERT INTO "general_type" VALUES(146,'',206,207,3,7,'',142,'buy Material resources');
INSERT INTO "general_type" VALUES(147,'',208,209,3,7,'',142,'buy Non-material resources');
INSERT INTO "general_type" VALUES(148,'',210,211,3,7,'',142,'buy Service time');
INSERT INTO "general_type" VALUES(149,'',76,85,3,3,'',50,'Visual');
INSERT INTO "general_type" VALUES(150,'',121,128,3,2,'',10,'Service');
INSERT INTO "general_type" VALUES(151,'',118,119,3,3,'',51,'digital File');
INSERT INTO "general_type" VALUES(152,'',5,6,3,4,'',91,'Fruit');
INSERT INTO "general_type" VALUES(153,'',23,24,3,4,'',55,'Laptop');
INSERT INTO "general_type" VALUES(155,'',129,134,3,2,'',10,'digital Currencies');
INSERT INTO "general_type" VALUES(156,'',130,131,3,3,'',155,'FairCoin');
INSERT INTO "general_type" VALUES(157,'',132,133,3,3,'',155,'Euro digital');
INSERT INTO "general_type" VALUES(158,'',29,32,3,2,'',9,'physical Currencies');
INSERT INTO "general_type" VALUES(159,'',30,31,3,3,'',158,'Euro cash');
INSERT INTO "general_type" VALUES(160,'',33,50,3,2,'',9,'Aliments');
INSERT INTO "general_type" VALUES(161,'',51,62,3,2,'',9,'Spaces');
INSERT INTO "general_type" VALUES(162,'',52,53,3,3,'',161,'Co-working space');
INSERT INTO "general_type" VALUES(163,'',54,55,3,3,'',161,'Eating space');
INSERT INTO "general_type" VALUES(164,'',56,57,3,3,'',161,'FabLab');
INSERT INTO "general_type" VALUES(165,'',36,37,3,5,'',96,'Jam');
INSERT INTO "general_type" VALUES(166,'',58,59,3,3,'',161,'Living space');
INSERT INTO "general_type" VALUES(167,'',44,45,3,3,'',160,'Meal');
INSERT INTO "general_type" VALUES(168,'',47,48,3,4,'',169,'Sweets');
INSERT INTO "general_type" VALUES(169,'',46,49,3,3,'',160,'Industrial pseudo-food');
INSERT INTO "general_type" VALUES(170,'',12,13,3,3,'',88,'Recycled materials');
INSERT INTO "general_type" VALUES(173,'',122,123,3,3,'',150,'Cleaning');
INSERT INTO "general_type" VALUES(174,'',124,125,3,3,'',150,'Cooking');
INSERT INTO "general_type" VALUES(175,'',98,99,3,5,'',49,'Course');
INSERT INTO "general_type" VALUES(176,'',126,127,3,3,'',150,'Programming');
INSERT INTO "general_type" VALUES(177,'',71,72,3,4,'',71,'Document');
INSERT INTO "general_type" VALUES(179,'',60,61,3,3,'',161,'Meeting room');
INSERT INTO "general_type" VALUES(180,'',73,74,3,4,'',71,'Translation');
INSERT INTO "general_type" VALUES(181,'',213,214,3,6,'rent',128,'social Rent:');
INSERT INTO "general_type" VALUES(182,'',242,245,3,7,'',220,'rent Charge resources');
INSERT INTO "general_type" VALUES(183,'',238,241,3,7,'',220,'rent Pay resources');
INSERT INTO "general_type" VALUES(184,'',243,244,3,8,'',182,'charge Space use-time');
INSERT INTO "general_type" VALUES(185,'',180,189,3,5,'',127,'swap Resource for Resource');
INSERT INTO "general_type" VALUES(186,'',190,191,3,5,'',127,'swap Resource for Service Time');
INSERT INTO "general_type" VALUES(187,'',192,193,3,5,'',127,'swap Service Time for Service Time');
INSERT INTO "general_type" VALUES(214,'',249,254,3,4,'currency_exchange',125,'Currency Exchanges:');
INSERT INTO "general_type" VALUES(215,'',250,251,3,5,'',214,'exchange FiatCurrency for FairCoin');
INSERT INTO "general_type" VALUES(217,'',232,247,3,5,'fiat_economy',221,'Fiat Currency economy:');
INSERT INTO "general_type" VALUES(218,'',233,234,3,6,'sell',217,'fiat Sell');
INSERT INTO "general_type" VALUES(219,'',235,236,3,6,'buy',217,'fiat Buy');
INSERT INTO "general_type" VALUES(220,'',237,246,3,6,'rent',217,'fiat Rent');
INSERT INTO "general_type" VALUES(221,'',195,248,3,4,'money_economy',125,'Monetary Economy:');
INSERT INTO "general_type" VALUES(222,'',216,223,3,5,'fair_economy',221,'FairCoin economy:');
INSERT INTO "general_type" VALUES(223,'',224,231,3,5,'crypto_economy',221,'Cryptocoins economy');
INSERT INTO "general_type" VALUES(224,'',217,218,3,6,'sell',222,'fair Sell');
INSERT INTO "general_type" VALUES(225,'',219,220,3,6,'buy',222,'fair Buy');
INSERT INTO "general_type" VALUES(226,'',221,222,3,6,'rent',222,'fair Rent');
INSERT INTO "general_type" VALUES(227,'',225,226,3,6,'sell',223,'crypto Sell');
INSERT INTO "general_type" VALUES(228,'',227,228,3,6,'buy',223,'crypto Buy');
INSERT INTO "general_type" VALUES(229,'',229,230,3,6,'rent',223,'crypto Rent');
INSERT INTO "general_type" VALUES(230,'',252,253,3,5,'',214,'exchange SocialCurrency for FairCoin');
INSERT INTO "general_type" VALUES(231,'',239,240,3,8,'',183,'pay Space use-time');
INSERT INTO "general_type" VALUES(232,'',303,306,3,2,'volume',12,'Volume');
INSERT INTO "general_type" VALUES(233,'',262,263,3,3,'',48,'Hours');
INSERT INTO "general_type" VALUES(234,'',264,265,3,3,'',48,'Days');
INSERT INTO "general_type" VALUES(235,'',266,267,3,3,'',48,'Moons');
INSERT INTO "general_type" VALUES(236,'',307,308,3,2,'each',12,'Each');
INSERT INTO "general_type" VALUES(237,'',289,290,3,4,'faircoin',36,'Faircoins');
INSERT INTO "general_type" VALUES(238,'',272,273,3,3,'',67,'Kilos');
INSERT INTO "general_type" VALUES(240,'',309,310,3,2,'',12,'Percent');
INSERT INTO "general_type" VALUES(241,'',285,286,3,4,'',35,'EcoCoops');
INSERT INTO "general_type" VALUES(242,'',298,299,3,3,'',38,'Square meters');
INSERT INTO "general_type" VALUES(243,'',300,301,3,3,'',38,'Hectares');
INSERT INTO "general_type" VALUES(244,'',304,305,3,3,'',232,'Liters');
INSERT INTO "general_type" VALUES(245,'',274,275,3,3,'',67,'Grams');
INSERT INTO "general_type" VALUES(246,'',268,269,3,3,'',48,'Years');
INSERT INTO "general_type" VALUES(247,'',278,279,3,3,'',68,'Meters');
INSERT INTO "general_type" VALUES(248,'',280,281,3,3,'',68,'Kilometers');
INSERT INTO "general_type" VALUES(249,'',293,294,3,4,'',37,'Euros');
CREATE INDEX "general_type_caf7cc51" ON "general_type" ("lft");
CREATE INDEX "general_type_3cfbd988" ON "general_type" ("rght");
CREATE INDEX "general_type_656442a0" ON "general_type" ("tree_id");
CREATE INDEX "general_type_c9e9a848" ON "general_type" ("level");
CREATE INDEX "general_type_6be37982" ON "general_type" ("parent_id");
COMMIT;

PRAGMA foreign_keys=OFF;                                                         
BEGIN TRANSACTION;
DROP TABLE "general_artwork_type";
CREATE TABLE "general_artwork_type" ("typ_id" integer NOT NULL PRIMARY KEY REFERENCES "general_type" ("id"));
INSERT INTO "general_artwork_type" VALUES(9);
INSERT INTO "general_artwork_type" VALUES(10);
INSERT INTO "general_artwork_type" VALUES(11);
INSERT INTO "general_artwork_type" VALUES(12);
INSERT INTO "general_artwork_type" VALUES(14);
INSERT INTO "general_artwork_type" VALUES(15);
INSERT INTO "general_artwork_type" VALUES(16);
INSERT INTO "general_artwork_type" VALUES(17);
INSERT INTO "general_artwork_type" VALUES(18);
INSERT INTO "general_artwork_type" VALUES(34);
INSERT INTO "general_artwork_type" VALUES(35);
INSERT INTO "general_artwork_type" VALUES(36);
INSERT INTO "general_artwork_type" VALUES(37);
INSERT INTO "general_artwork_type" VALUES(38);
INSERT INTO "general_artwork_type" VALUES(48);
INSERT INTO "general_artwork_type" VALUES(49);
INSERT INTO "general_artwork_type" VALUES(50);
INSERT INTO "general_artwork_type" VALUES(51);
INSERT INTO "general_artwork_type" VALUES(52);
INSERT INTO "general_artwork_type" VALUES(53);
INSERT INTO "general_artwork_type" VALUES(54);
INSERT INTO "general_artwork_type" VALUES(55);
INSERT INTO "general_artwork_type" VALUES(56);
INSERT INTO "general_artwork_type" VALUES(57);
INSERT INTO "general_artwork_type" VALUES(58);
INSERT INTO "general_artwork_type" VALUES(59);
INSERT INTO "general_artwork_type" VALUES(60);
INSERT INTO "general_artwork_type" VALUES(61);
INSERT INTO "general_artwork_type" VALUES(65);
INSERT INTO "general_artwork_type" VALUES(67);
INSERT INTO "general_artwork_type" VALUES(68);
INSERT INTO "general_artwork_type" VALUES(69);
INSERT INTO "general_artwork_type" VALUES(70);
INSERT INTO "general_artwork_type" VALUES(71);
INSERT INTO "general_artwork_type" VALUES(73);
INSERT INTO "general_artwork_type" VALUES(74);
INSERT INTO "general_artwork_type" VALUES(75);
INSERT INTO "general_artwork_type" VALUES(76);
INSERT INTO "general_artwork_type" VALUES(77);
INSERT INTO "general_artwork_type" VALUES(78);
INSERT INTO "general_artwork_type" VALUES(79);
INSERT INTO "general_artwork_type" VALUES(80);
INSERT INTO "general_artwork_type" VALUES(81);
INSERT INTO "general_artwork_type" VALUES(82);
INSERT INTO "general_artwork_type" VALUES(83);
INSERT INTO "general_artwork_type" VALUES(84);
INSERT INTO "general_artwork_type" VALUES(85);
INSERT INTO "general_artwork_type" VALUES(86);
INSERT INTO "general_artwork_type" VALUES(87);
INSERT INTO "general_artwork_type" VALUES(88);
INSERT INTO "general_artwork_type" VALUES(89);
INSERT INTO "general_artwork_type" VALUES(90);
INSERT INTO "general_artwork_type" VALUES(91);
INSERT INTO "general_artwork_type" VALUES(92);
INSERT INTO "general_artwork_type" VALUES(93);
INSERT INTO "general_artwork_type" VALUES(94);
INSERT INTO "general_artwork_type" VALUES(95);
INSERT INTO "general_artwork_type" VALUES(96);
INSERT INTO "general_artwork_type" VALUES(97);
INSERT INTO "general_artwork_type" VALUES(98);
INSERT INTO "general_artwork_type" VALUES(124);
INSERT INTO "general_artwork_type" VALUES(125);
INSERT INTO "general_artwork_type" VALUES(126);
INSERT INTO "general_artwork_type" VALUES(127);
INSERT INTO "general_artwork_type" VALUES(128);
INSERT INTO "general_artwork_type" VALUES(129);
INSERT INTO "general_artwork_type" VALUES(130);
INSERT INTO "general_artwork_type" VALUES(131);
INSERT INTO "general_artwork_type" VALUES(132);
INSERT INTO "general_artwork_type" VALUES(133);
INSERT INTO "general_artwork_type" VALUES(134);
INSERT INTO "general_artwork_type" VALUES(135);
INSERT INTO "general_artwork_type" VALUES(136);
INSERT INTO "general_artwork_type" VALUES(137);
INSERT INTO "general_artwork_type" VALUES(138);
INSERT INTO "general_artwork_type" VALUES(139);
INSERT INTO "general_artwork_type" VALUES(140);
INSERT INTO "general_artwork_type" VALUES(141);
INSERT INTO "general_artwork_type" VALUES(142);
INSERT INTO "general_artwork_type" VALUES(143);
INSERT INTO "general_artwork_type" VALUES(144);
INSERT INTO "general_artwork_type" VALUES(145);
INSERT INTO "general_artwork_type" VALUES(146);
INSERT INTO "general_artwork_type" VALUES(147);
INSERT INTO "general_artwork_type" VALUES(148);
INSERT INTO "general_artwork_type" VALUES(149);
INSERT INTO "general_artwork_type" VALUES(150);
INSERT INTO "general_artwork_type" VALUES(151);
INSERT INTO "general_artwork_type" VALUES(152);
INSERT INTO "general_artwork_type" VALUES(153);
INSERT INTO "general_artwork_type" VALUES(155);
INSERT INTO "general_artwork_type" VALUES(156);
INSERT INTO "general_artwork_type" VALUES(157);
INSERT INTO "general_artwork_type" VALUES(158);
INSERT INTO "general_artwork_type" VALUES(159);
INSERT INTO "general_artwork_type" VALUES(160);
INSERT INTO "general_artwork_type" VALUES(161);
INSERT INTO "general_artwork_type" VALUES(162);
INSERT INTO "general_artwork_type" VALUES(163);
INSERT INTO "general_artwork_type" VALUES(164);
INSERT INTO "general_artwork_type" VALUES(165);
INSERT INTO "general_artwork_type" VALUES(166);
INSERT INTO "general_artwork_type" VALUES(167);
INSERT INTO "general_artwork_type" VALUES(168);
INSERT INTO "general_artwork_type" VALUES(169);
INSERT INTO "general_artwork_type" VALUES(170);
INSERT INTO "general_artwork_type" VALUES(173);
INSERT INTO "general_artwork_type" VALUES(174);
INSERT INTO "general_artwork_type" VALUES(175);
INSERT INTO "general_artwork_type" VALUES(176);
INSERT INTO "general_artwork_type" VALUES(177);
INSERT INTO "general_artwork_type" VALUES(179);
INSERT INTO "general_artwork_type" VALUES(180);
INSERT INTO "general_artwork_type" VALUES(181);
INSERT INTO "general_artwork_type" VALUES(182);
INSERT INTO "general_artwork_type" VALUES(183);
INSERT INTO "general_artwork_type" VALUES(184);
INSERT INTO "general_artwork_type" VALUES(185);
INSERT INTO "general_artwork_type" VALUES(186);
INSERT INTO "general_artwork_type" VALUES(187);
INSERT INTO "general_artwork_type" VALUES(214);
INSERT INTO "general_artwork_type" VALUES(215);
INSERT INTO "general_artwork_type" VALUES(217);
INSERT INTO "general_artwork_type" VALUES(218);
INSERT INTO "general_artwork_type" VALUES(219);
INSERT INTO "general_artwork_type" VALUES(220);
INSERT INTO "general_artwork_type" VALUES(221);
INSERT INTO "general_artwork_type" VALUES(222);
INSERT INTO "general_artwork_type" VALUES(223);
INSERT INTO "general_artwork_type" VALUES(224);
INSERT INTO "general_artwork_type" VALUES(225);
INSERT INTO "general_artwork_type" VALUES(226);
INSERT INTO "general_artwork_type" VALUES(227);
INSERT INTO "general_artwork_type" VALUES(228);
INSERT INTO "general_artwork_type" VALUES(229);
INSERT INTO "general_artwork_type" VALUES(230);
INSERT INTO "general_artwork_type" VALUES(231);
INSERT INTO "general_artwork_type" VALUES(232);
INSERT INTO "general_artwork_type" VALUES(233);
INSERT INTO "general_artwork_type" VALUES(234);
INSERT INTO "general_artwork_type" VALUES(235);
INSERT INTO "general_artwork_type" VALUES(236);
INSERT INTO "general_artwork_type" VALUES(237);
INSERT INTO "general_artwork_type" VALUES(238);
INSERT INTO "general_artwork_type" VALUES(240);
INSERT INTO "general_artwork_type" VALUES(241);
INSERT INTO "general_artwork_type" VALUES(242);
INSERT INTO "general_artwork_type" VALUES(243);
INSERT INTO "general_artwork_type" VALUES(244);
INSERT INTO "general_artwork_type" VALUES(245);
INSERT INTO "general_artwork_type" VALUES(246);
INSERT INTO "general_artwork_type" VALUES(247);
INSERT INTO "general_artwork_type" VALUES(248);
INSERT INTO "general_artwork_type" VALUES(249);
COMMIT;

PRAGMA foreign_keys=OFF;                                                         
BEGIN TRANSACTION;
DROP TABLE "general_unit_type";
CREATE TABLE "general_unit_type" ("artwork_type_id" integer NOT NULL PRIMARY KEY REFERENCES "general_artwork_type" ("typ_id"));
INSERT INTO "general_unit_type" VALUES(34);
INSERT INTO "general_unit_type" VALUES(35);
INSERT INTO "general_unit_type" VALUES(36);
INSERT INTO "general_unit_type" VALUES(37);
INSERT INTO "general_unit_type" VALUES(38);
INSERT INTO "general_unit_type" VALUES(48);
INSERT INTO "general_unit_type" VALUES(67);
INSERT INTO "general_unit_type" VALUES(68);
INSERT INTO "general_unit_type" VALUES(232);
INSERT INTO "general_unit_type" VALUES(233);
INSERT INTO "general_unit_type" VALUES(234);
INSERT INTO "general_unit_type" VALUES(235);
INSERT INTO "general_unit_type" VALUES(236);
INSERT INTO "general_unit_type" VALUES(237);
INSERT INTO "general_unit_type" VALUES(238);
INSERT INTO "general_unit_type" VALUES(240);
INSERT INTO "general_unit_type" VALUES(241);
INSERT INTO "general_unit_type" VALUES(242);
INSERT INTO "general_unit_type" VALUES(243);
INSERT INTO "general_unit_type" VALUES(244);
INSERT INTO "general_unit_type" VALUES(245);
INSERT INTO "general_unit_type" VALUES(246);
INSERT INTO "general_unit_type" VALUES(247);
INSERT INTO "general_unit_type" VALUES(248);
INSERT INTO "general_unit_type" VALUES(249);
COMMIT;

PRAGMA foreign_keys=OFF;                                                         
BEGIN TRANSACTION;
DROP TABLE "work_ocp_unit_type";
CREATE TABLE "work_ocp_unit_type" ("unit_type_id" integer NOT NULL PRIMARY KEY REFERENCES "general_unit_type" ("artwork_type_id"), "ocp_unit_id" integer NULL UNIQUE REFERENCES "valueaccounting_unit" ("id"), "unit_id" integer NULL UNIQUE REFERENCES "general_unit" ("id"));
INSERT INTO "work_ocp_unit_type" VALUES(34,NULL,NULL);
INSERT INTO "work_ocp_unit_type" VALUES(35,7,11);
INSERT INTO "work_ocp_unit_type" VALUES(36,NULL,NULL);
INSERT INTO "work_ocp_unit_type" VALUES(37,NULL,NULL);
INSERT INTO "work_ocp_unit_type" VALUES(38,NULL,NULL);
INSERT INTO "work_ocp_unit_type" VALUES(48,NULL,NULL);
INSERT INTO "work_ocp_unit_type" VALUES(67,NULL,NULL);
INSERT INTO "work_ocp_unit_type" VALUES(68,NULL,NULL);
INSERT INTO "work_ocp_unit_type" VALUES(232,NULL,NULL);
INSERT INTO "work_ocp_unit_type" VALUES(233,2,5);
INSERT INTO "work_ocp_unit_type" VALUES(234,3,8);
INSERT INTO "work_ocp_unit_type" VALUES(235,NULL,9);
INSERT INTO "work_ocp_unit_type" VALUES(236,4,NULL);
INSERT INTO "work_ocp_unit_type" VALUES(237,1,7);
INSERT INTO "work_ocp_unit_type" VALUES(238,8,14);
INSERT INTO "work_ocp_unit_type" VALUES(240,5,NULL);
INSERT INTO "work_ocp_unit_type" VALUES(241,NULL,1);
INSERT INTO "work_ocp_unit_type" VALUES(242,NULL,3);
INSERT INTO "work_ocp_unit_type" VALUES(243,NULL,4);
INSERT INTO "work_ocp_unit_type" VALUES(244,NULL,NULL);
INSERT INTO "work_ocp_unit_type" VALUES(245,NULL,15);
INSERT INTO "work_ocp_unit_type" VALUES(246,NULL,10);
INSERT INTO "work_ocp_unit_type" VALUES(247,NULL,12);
INSERT INTO "work_ocp_unit_type" VALUES(248,NULL,13);
INSERT INTO "work_ocp_unit_type" VALUES(249,NULL,2);
COMMIT;
