PRAGMA foreign_keys=OFF;
BEGIN TRANSACTION;
DROP TABLE "general_type";
CREATE TABLE "general_type" ("id" integer NOT NULL PRIMARY KEY AUTOINCREMENT, "description" text NOT NULL, "lft" integer unsigned NOT NULL, "rght" integer unsigned NOT NULL, "tree_id" integer unsigned NOT NULL, "level" integer unsigned NOT NULL, "clas" varchar(200) NOT NULL, "parent_id" integer NULL REFERENCES "general_type" ("id"), "name" varchar(200) NOT NULL UNIQUE);
INSERT INTO "general_type" VALUES(1,'',1,44,1,0,'Being',NULL,'Being');
INSERT INTO "general_type" VALUES(2,'',1,24,2,0,'Space',NULL,'Space');
INSERT INTO "general_type" VALUES(3,'',1,410,3,0,'Artwork',NULL,'Artwork');
INSERT INTO "general_type" VALUES(4,'',2,3,1,1,'Person',1,'Person');
INSERT INTO "general_type" VALUES(5,'',4,35,1,1,'Project',1,'Project');
INSERT INTO "general_type" VALUES(6,'',36,43,1,1,'Company',1,'Company');
INSERT INTO "general_type" VALUES(7,'',2,9,2,1,'Address',2,'Address');
INSERT INTO "general_type" VALUES(8,'',10,23,2,1,'Region',2,'Region');
INSERT INTO "general_type" VALUES(9,'',2,91,3,1,'Material',3,'Material');
INSERT INTO "general_type" VALUES(10,'',92,213,3,1,'Nonmaterial',3,'Non-material');
INSERT INTO "general_type" VALUES(11,'',214,391,3,1,'Record',3,'Record');
INSERT INTO "general_type" VALUES(12,'',392,409,3,1,'Unit',3,'Unit');
INSERT INTO "general_type" VALUES(13,'',5,32,1,2,'ic_project',5,'IC Project');
INSERT INTO "general_type" VALUES(14,'',215,228,3,2,'UnitRatio',11,'Unit Ratio');
INSERT INTO "general_type" VALUES(15,'',229,236,3,2,'',11,'currency Account');
INSERT INTO "general_type" VALUES(16,'',230,231,3,3,'AccountCes',15,'CES account');
INSERT INTO "general_type" VALUES(17,'',232,233,3,3,'AccountCrypto',15,'Crypto account');
INSERT INTO "general_type" VALUES(18,'',234,235,3,3,'AccountBank',15,'Bank account');
INSERT INTO "general_type" VALUES(19,'',37,38,1,2,'cooperative',6,'Cooperative');
INSERT INTO "general_type" VALUES(20,'',39,40,1,2,'bank',6,'Bank');
INSERT INTO "general_type" VALUES(21,'',7,8,1,4,'',23,'Local Selfmanaged Group');
INSERT INTO "general_type" VALUES(22,'',9,10,1,4,'ces',23,'Regional Network ("Ecoxarxa")');
INSERT INTO "general_type" VALUES(23,'',6,19,1,3,'public',13,'Public');
INSERT INTO "general_type" VALUES(24,'',11,12,1,4,'ces',23,'Integral Cooperative');
INSERT INTO "general_type" VALUES(25,'',13,14,1,4,'',23,'Productive Public');
INSERT INTO "general_type" VALUES(26,'',15,16,1,4,'',23,'Common Service');
INSERT INTO "general_type" VALUES(27,'',27,28,1,4,'',63,'Cooperating Collective');
INSERT INTO "general_type" VALUES(28,'',29,30,1,4,'',63,'Consumer Group');
INSERT INTO "general_type" VALUES(29,'',20,21,1,3,'',13,'Services project');
INSERT INTO "general_type" VALUES(31,'',22,25,1,3,'selfemployed',13,'Selfemployed');
INSERT INTO "general_type" VALUES(32,'',23,24,1,4,'',31,'Selfemployed stallholder');
INSERT INTO "general_type" VALUES(34,'',393,400,3,2,'currency',12,'Currency');
INSERT INTO "general_type" VALUES(35,'',394,395,3,3,'social_currency',34,'Social Currency');
INSERT INTO "general_type" VALUES(36,'',396,397,3,3,'crypto_currency',34,'Crypto Currency');
INSERT INTO "general_type" VALUES(37,'',398,399,3,3,'fiat_currency',34,'Fiat Currency');
INSERT INTO "general_type" VALUES(38,'',401,402,3,2,'area',12,'Area');
INSERT INTO "general_type" VALUES(39,'',11,20,2,2,'',8,'Continent');
INSERT INTO "general_type" VALUES(40,'',12,13,2,3,'',39,'Country');
INSERT INTO "general_type" VALUES(41,'',14,19,2,3,'',39,'Cultural Community');
INSERT INTO "general_type" VALUES(42,'',15,16,2,4,'',41,'Bioregion');
INSERT INTO "general_type" VALUES(43,'',17,18,2,4,'region',41,'County');
INSERT INTO "general_type" VALUES(44,'',3,4,2,2,'',7,'Collective Polyvalent Space');
INSERT INTO "general_type" VALUES(45,'',5,6,2,2,'',7,'Workspace');
INSERT INTO "general_type" VALUES(46,'',7,8,2,2,'',7,'Housing');
INSERT INTO "general_type" VALUES(47,'',33,34,1,2,'',5,'Worldwide Network');
INSERT INTO "general_type" VALUES(48,'',403,404,3,2,'time_currency',12,'Time');
INSERT INTO "general_type" VALUES(49,'',167,176,3,4,'',84,'live Formation');
INSERT INTO "general_type" VALUES(50,'',141,178,3,2,'',10,'Cultural artwork');
INSERT INTO "general_type" VALUES(51,'',179,196,3,2,'',10,'Digital artwork');
INSERT INTO "general_type" VALUES(52,'',168,173,3,5,'',49,'IC formation');
INSERT INTO "general_type" VALUES(53,'',169,170,3,6,'',52,'session of Collective formation');
INSERT INTO "general_type" VALUES(54,'',171,172,3,6,'',52,'session of Individual formation');
INSERT INTO "general_type" VALUES(55,'',44,53,3,3,'',89,'Machine');
INSERT INTO "general_type" VALUES(56,'',45,48,3,4,'',55,'Vehicle');
INSERT INTO "general_type" VALUES(57,'',46,47,3,5,'',56,'Car');
INSERT INTO "general_type" VALUES(58,'',216,217,3,3,'',14,'ratio Currency - Time');
INSERT INTO "general_type" VALUES(59,'',218,219,3,3,'',14,'ratio Currency - Currency');
INSERT INTO "general_type" VALUES(60,'',220,221,3,3,'',14,'ratio Area - Area');
INSERT INTO "general_type" VALUES(61,'',222,223,3,3,'',14,'ratio Time - Time');
INSERT INTO "general_type" VALUES(62,'',21,22,2,2,'',8,'Planet');
INSERT INTO "general_type" VALUES(63,'',26,31,1,3,'online',13,'Online');
INSERT INTO "general_type" VALUES(64,'',41,42,1,2,'',6,'Insurance company');
INSERT INTO "general_type" VALUES(65,'',153,160,3,4,'',149,'Image');
INSERT INTO "general_type" VALUES(66,'',17,18,1,4,'ic_larder',23,'Larder');
INSERT INTO "general_type" VALUES(67,'',405,406,3,2,'weight',12,'Weight');
INSERT INTO "general_type" VALUES(68,'',407,408,3,2,'length',12,'Length');
INSERT INTO "general_type" VALUES(69,'',224,225,3,3,'',14,'ratio Length - Length');
INSERT INTO "general_type" VALUES(70,'',226,227,3,3,'',14,'ratio Weight - Weight');
INSERT INTO "general_type" VALUES(71,'',142,151,3,3,'',50,'Text');
INSERT INTO "general_type" VALUES(73,'',143,144,3,4,'',71,'Poem');
INSERT INTO "general_type" VALUES(74,'',145,146,3,4,'',71,'Article');
INSERT INTO "general_type" VALUES(75,'',180,187,3,3,'',51,'Website');
INSERT INTO "general_type" VALUES(76,'',183,184,3,4,'',75,'Database');
INSERT INTO "general_type" VALUES(77,'',154,155,3,5,'',65,'Photo');
INSERT INTO "general_type" VALUES(78,'',156,157,3,5,'',65,'Illustration');
INSERT INTO "general_type" VALUES(79,'',158,159,3,5,'',65,'Graphic/Diagram');
INSERT INTO "general_type" VALUES(80,'',185,186,3,4,'',75,'Hosting Plan');
INSERT INTO "general_type" VALUES(81,'',181,182,3,4,'',75,'Plugin');
INSERT INTO "general_type" VALUES(82,'',163,164,3,4,'',84,'live Music');
INSERT INTO "general_type" VALUES(83,'',165,166,3,4,'',84,'Performance');
INSERT INTO "general_type" VALUES(84,'',162,177,3,3,'',50,'Live Event');
INSERT INTO "general_type" VALUES(85,'',188,193,3,3,'',51,'digital Music');
INSERT INTO "general_type" VALUES(86,'',189,190,3,4,'',85,'Song/Track');
INSERT INTO "general_type" VALUES(87,'',191,192,3,4,'',85,'Album');
INSERT INTO "general_type" VALUES(88,'',31,42,3,2,'',9,'Raw Material');
INSERT INTO "general_type" VALUES(89,'',43,56,3,2,'',9,'Tool');
INSERT INTO "general_type" VALUES(90,'',54,55,3,3,'',89,'Manual Tool');
INSERT INTO "general_type" VALUES(91,'',32,35,3,3,'',88,'raw Vegetal');
INSERT INTO "general_type" VALUES(92,'',36,37,3,3,'',88,'raw Mineral');
INSERT INTO "general_type" VALUES(93,'',38,39,3,3,'',88,'raw Animal');
INSERT INTO "general_type" VALUES(94,'',49,50,3,4,'',55,'Motor Hand Tool');
INSERT INTO "general_type" VALUES(95,'',62,69,3,3,'',160,'Food');
INSERT INTO "general_type" VALUES(96,'',63,66,3,4,'',95,'Artisan Vegetal derivate');
INSERT INTO "general_type" VALUES(97,'',70,71,3,3,'',160,'Drinks');
INSERT INTO "general_type" VALUES(98,'',67,68,3,4,'',95,'Artisan Animal derivate');
INSERT INTO "general_type" VALUES(124,'',237,390,3,2,'ocp_record',11,'OCP Record');
INSERT INTO "general_type" VALUES(125,'',238,389,3,3,'ocp_exchange',124,'OCP ExchangeType');
INSERT INTO "general_type" VALUES(126,'',239,258,3,4,'gift_economy',125,'Gift Economy:');
INSERT INTO "general_type" VALUES(127,'',259,274,3,4,'swap_economy',125,'Swap Economy:');
INSERT INTO "general_type" VALUES(128,'Mutual-credit currency operation',276,349,3,5,'social_economy',221,'Social Currency economy:');
INSERT INTO "general_type" VALUES(129,'Donate or present as a gift',240,247,3,5,'give',126,'Give:');
INSERT INTO "general_type" VALUES(130,'',248,257,3,5,'receive',126,'Receive:');
INSERT INTO "general_type" VALUES(131,'',241,242,3,6,'',129,'give Material resources');
INSERT INTO "general_type" VALUES(132,'',243,244,3,6,'',129,'give Non-material resources');
INSERT INTO "general_type" VALUES(133,'',245,246,3,6,'',129,'give Service time');
INSERT INTO "general_type" VALUES(134,'',249,252,3,6,'',130,'receive Material resources');
INSERT INTO "general_type" VALUES(135,'',253,254,3,6,'',130,'receive Non-material resources');
INSERT INTO "general_type" VALUES(136,'',255,256,3,6,'',130,'receive Service time');
INSERT INTO "general_type" VALUES(137,'',261,262,3,6,'',185,'swap Material for Material');
INSERT INTO "general_type" VALUES(138,'',263,264,3,6,'',185,'swap Material for Non-material');
INSERT INTO "general_type" VALUES(139,'',265,266,3,6,'',185,'swap Non-material for Material');
INSERT INTO "general_type" VALUES(140,'',267,268,3,6,'',185,'swap Non-material for Non-material');
INSERT INTO "general_type" VALUES(141,'',277,286,3,6,'sell',128,'social Sell:');
INSERT INTO "general_type" VALUES(142,'',287,346,3,6,'buy',128,'social Buy:');
INSERT INTO "general_type" VALUES(143,'',278,279,3,7,'',141,'social sell Material resources');
INSERT INTO "general_type" VALUES(144,'',280,283,3,7,'',141,'social sell Non-material resources');
INSERT INTO "general_type" VALUES(145,'',284,285,3,7,'',141,'social sell Service time');
INSERT INTO "general_type" VALUES(146,'',288,341,3,7,'',142,'buy Material resources');
INSERT INTO "general_type" VALUES(147,'',342,343,3,7,'',142,'buy Non-material resources');
INSERT INTO "general_type" VALUES(148,'',344,345,3,7,'',142,'buy Service time');
INSERT INTO "general_type" VALUES(149,'',152,161,3,3,'',50,'Visual');
INSERT INTO "general_type" VALUES(150,'',199,206,3,2,'',10,'Service');
INSERT INTO "general_type" VALUES(151,'',194,195,3,3,'',51,'digital File');
INSERT INTO "general_type" VALUES(152,'',33,34,3,4,'',91,'Fruit');
INSERT INTO "general_type" VALUES(153,'',51,52,3,4,'',55,'Laptop');
INSERT INTO "general_type" VALUES(155,'',207,212,3,2,'',10,'digital Currencies');
INSERT INTO "general_type" VALUES(156,'',208,209,3,3,'',155,'FairCoin');
INSERT INTO "general_type" VALUES(157,'',210,211,3,3,'',155,'Euro digital');
INSERT INTO "general_type" VALUES(158,'',57,60,3,2,'',9,'physical Currencies');
INSERT INTO "general_type" VALUES(159,'',58,59,3,3,'',158,'Euro cash');
INSERT INTO "general_type" VALUES(160,'',61,78,3,2,'',9,'Aliments');
INSERT INTO "general_type" VALUES(161,'',79,90,3,2,'',9,'Spaces');
INSERT INTO "general_type" VALUES(162,'',80,81,3,3,'',161,'Co-working space');
INSERT INTO "general_type" VALUES(163,'',82,83,3,3,'',161,'Eating space');
INSERT INTO "general_type" VALUES(164,'',84,85,3,3,'',161,'FabLab');
INSERT INTO "general_type" VALUES(165,'',64,65,3,5,'',96,'Jam');
INSERT INTO "general_type" VALUES(166,'',86,87,3,3,'',161,'Living space');
INSERT INTO "general_type" VALUES(167,'',72,73,3,3,'',160,'Meal');
INSERT INTO "general_type" VALUES(168,'',75,76,3,4,'',169,'Sweets');
INSERT INTO "general_type" VALUES(169,'',74,77,3,3,'',160,'Industrial pseudo-food');
INSERT INTO "general_type" VALUES(170,'',40,41,3,3,'',88,'Recycled materials');
INSERT INTO "general_type" VALUES(173,'',200,201,3,3,'',150,'Cleaning');
INSERT INTO "general_type" VALUES(174,'',202,203,3,3,'',150,'Cooking');
INSERT INTO "general_type" VALUES(175,'',174,175,3,5,'',49,'Course');
INSERT INTO "general_type" VALUES(176,'',204,205,3,3,'',150,'Programming');
INSERT INTO "general_type" VALUES(177,'',147,148,3,4,'',71,'Document');
INSERT INTO "general_type" VALUES(179,'',88,89,3,3,'',161,'Meeting room');
INSERT INTO "general_type" VALUES(180,'',149,150,3,4,'',71,'Translation');
INSERT INTO "general_type" VALUES(181,'',347,348,3,6,'rent',128,'social Rent:');
INSERT INTO "general_type" VALUES(182,'',376,379,3,7,'',220,'rent Charge resources');
INSERT INTO "general_type" VALUES(183,'',372,375,3,7,'',220,'rent Pay resources');
INSERT INTO "general_type" VALUES(184,'',377,378,3,8,'',182,'charge Space use-time');
INSERT INTO "general_type" VALUES(185,'',260,269,3,5,'',127,'swap Resource for Resource');
INSERT INTO "general_type" VALUES(186,'',270,271,3,5,'',127,'swap Resource for Service Time');
INSERT INTO "general_type" VALUES(187,'',272,273,3,5,'',127,'swap Service Time for Service Time');
INSERT INTO "general_type" VALUES(214,'',383,388,3,4,'currency_exchange',125,'Currency Exchanges:');
INSERT INTO "general_type" VALUES(215,'',384,385,3,5,'',214,'exchange FiatCurrency for FairCoin');
INSERT INTO "general_type" VALUES(217,'',366,381,3,5,'fiat_economy',221,'Fiat Currency economy:');
INSERT INTO "general_type" VALUES(218,'',367,368,3,6,'sell',217,'fiat Sell');
INSERT INTO "general_type" VALUES(219,'',369,370,3,6,'buy',217,'fiat Buy');
INSERT INTO "general_type" VALUES(220,'',371,380,3,6,'rent',217,'fiat Rent');
INSERT INTO "general_type" VALUES(221,'',275,382,3,4,'money_economy',125,'Monetary Economy:');
INSERT INTO "general_type" VALUES(222,'',350,357,3,5,'fair_economy',221,'FairCoin economy:');
INSERT INTO "general_type" VALUES(223,'',358,365,3,5,'crypto_economy',221,'Cryptocoins economy');
INSERT INTO "general_type" VALUES(224,'',351,352,3,6,'sell',222,'fair Sell');
INSERT INTO "general_type" VALUES(225,'',353,354,3,6,'buy',222,'fair Buy');
INSERT INTO "general_type" VALUES(226,'',355,356,3,6,'rent',222,'fair Rent');
INSERT INTO "general_type" VALUES(227,'',359,360,3,6,'sell',223,'crypto Sell');
INSERT INTO "general_type" VALUES(228,'',361,362,3,6,'buy',223,'crypto Buy');
INSERT INTO "general_type" VALUES(229,'',363,364,3,6,'rent',223,'crypto Rent');
INSERT INTO "general_type" VALUES(230,'',386,387,3,5,'',214,'exchange SocialCurrency for FairCoin');
INSERT INTO "general_type" VALUES(231,'',373,374,3,8,'',183,'pay Space use-time');
CREATE INDEX "general_type_caf7cc51" ON "general_type" ("lft");
CREATE INDEX "general_type_3cfbd988" ON "general_type" ("rght");
CREATE INDEX "general_type_656442a0" ON "general_type" ("tree_id");
CREATE INDEX "general_type_c9e9a848" ON "general_type" ("level");
CREATE INDEX "general_type_6be37982" ON "general_type" ("parent_id");
COMMIT;


PRAGMA foreign_keys=OFF;
BEGIN TRANSACTION;
DROP TABLE "general_record_type";
CREATE TABLE "general_record_type" ("artwork_type_id" integer NOT NULL PRIMARY KEY REFERENCES "general_artwork_type" ("typ_id"));
INSERT INTO "general_record_type" VALUES(14);
INSERT INTO "general_record_type" VALUES(15);
INSERT INTO "general_record_type" VALUES(16);
INSERT INTO "general_record_type" VALUES(17);
INSERT INTO "general_record_type" VALUES(18);
INSERT INTO "general_record_type" VALUES(58);
INSERT INTO "general_record_type" VALUES(59);
INSERT INTO "general_record_type" VALUES(60);
INSERT INTO "general_record_type" VALUES(61);
INSERT INTO "general_record_type" VALUES(69);
INSERT INTO "general_record_type" VALUES(70);
INSERT INTO "general_record_type" VALUES(124);
INSERT INTO "general_record_type" VALUES(125);
INSERT INTO "general_record_type" VALUES(126);
INSERT INTO "general_record_type" VALUES(127);
INSERT INTO "general_record_type" VALUES(128);
INSERT INTO "general_record_type" VALUES(129);
INSERT INTO "general_record_type" VALUES(130);
INSERT INTO "general_record_type" VALUES(131);
INSERT INTO "general_record_type" VALUES(132);
INSERT INTO "general_record_type" VALUES(133);
INSERT INTO "general_record_type" VALUES(134);
INSERT INTO "general_record_type" VALUES(135);
INSERT INTO "general_record_type" VALUES(136);
INSERT INTO "general_record_type" VALUES(137);
INSERT INTO "general_record_type" VALUES(138);
INSERT INTO "general_record_type" VALUES(139);
INSERT INTO "general_record_type" VALUES(140);
INSERT INTO "general_record_type" VALUES(141);
INSERT INTO "general_record_type" VALUES(142);
INSERT INTO "general_record_type" VALUES(143);
INSERT INTO "general_record_type" VALUES(144);
INSERT INTO "general_record_type" VALUES(145);
INSERT INTO "general_record_type" VALUES(146);
INSERT INTO "general_record_type" VALUES(147);
INSERT INTO "general_record_type" VALUES(148);
INSERT INTO "general_record_type" VALUES(181);
INSERT INTO "general_record_type" VALUES(182);
INSERT INTO "general_record_type" VALUES(183);
INSERT INTO "general_record_type" VALUES(184);
INSERT INTO "general_record_type" VALUES(185);
INSERT INTO "general_record_type" VALUES(186);
INSERT INTO "general_record_type" VALUES(187);
INSERT INTO "general_record_type" VALUES(214);
INSERT INTO "general_record_type" VALUES(215);
INSERT INTO "general_record_type" VALUES(217);
INSERT INTO "general_record_type" VALUES(218);
INSERT INTO "general_record_type" VALUES(219);
INSERT INTO "general_record_type" VALUES(220);
INSERT INTO "general_record_type" VALUES(221);
INSERT INTO "general_record_type" VALUES(222);
INSERT INTO "general_record_type" VALUES(223);
INSERT INTO "general_record_type" VALUES(224);
INSERT INTO "general_record_type" VALUES(225);
INSERT INTO "general_record_type" VALUES(226);
INSERT INTO "general_record_type" VALUES(227);
INSERT INTO "general_record_type" VALUES(228);
INSERT INTO "general_record_type" VALUES(229);
INSERT INTO "general_record_type" VALUES(230);
INSERT INTO "general_record_type" VALUES(231);
COMMIT;

PRAGMA foreign_keys=OFF;
BEGIN TRANSACTION;
DROP TABLE "work_ocp_record_type";
CREATE TABLE "work_ocp_record_type" ("record_type_id" integer NOT NULL PRIMARY KEY REFERENCES "general_record_type" ("artwork_type_id"), "exchange_type_id" integer NULL UNIQUE REFERENCES "valueaccounting_exchangetype" ("id"), "ocp_artwork_type_id" integer NULL REFERENCES "work_ocp_artwork_type" ("artwork_type_id"));
INSERT INTO "work_ocp_record_type" VALUES(125,NULL,NULL);
INSERT INTO "work_ocp_record_type" VALUES(126,NULL,NULL);
INSERT INTO "work_ocp_record_type" VALUES(127,NULL,NULL);
INSERT INTO "work_ocp_record_type" VALUES(128,NULL,NULL);
INSERT INTO "work_ocp_record_type" VALUES(129,NULL,NULL);
INSERT INTO "work_ocp_record_type" VALUES(130,NULL,NULL);
INSERT INTO "work_ocp_record_type" VALUES(131,11,9);
INSERT INTO "work_ocp_record_type" VALUES(132,15,10);
INSERT INTO "work_ocp_record_type" VALUES(133,18,NULL);
INSERT INTO "work_ocp_record_type" VALUES(134,3,9);
INSERT INTO "work_ocp_record_type" VALUES(135,13,10);
INSERT INTO "work_ocp_record_type" VALUES(136,NULL,NULL);
INSERT INTO "work_ocp_record_type" VALUES(137,8,9);
INSERT INTO "work_ocp_record_type" VALUES(138,17,9);
INSERT INTO "work_ocp_record_type" VALUES(139,22,10);
INSERT INTO "work_ocp_record_type" VALUES(140,21,10);
INSERT INTO "work_ocp_record_type" VALUES(141,NULL,NULL);
INSERT INTO "work_ocp_record_type" VALUES(142,NULL,NULL);
INSERT INTO "work_ocp_record_type" VALUES(143,12,9);
INSERT INTO "work_ocp_record_type" VALUES(144,16,10);
INSERT INTO "work_ocp_record_type" VALUES(145,NULL,NULL);
INSERT INTO "work_ocp_record_type" VALUES(146,1,9);
INSERT INTO "work_ocp_record_type" VALUES(147,14,10);
INSERT INTO "work_ocp_record_type" VALUES(148,NULL,NULL);
INSERT INTO "work_ocp_record_type" VALUES(181,NULL,NULL);
INSERT INTO "work_ocp_record_type" VALUES(182,NULL,NULL);
INSERT INTO "work_ocp_record_type" VALUES(183,NULL,NULL);
INSERT INTO "work_ocp_record_type" VALUES(184,9,161);
INSERT INTO "work_ocp_record_type" VALUES(185,NULL,NULL);
INSERT INTO "work_ocp_record_type" VALUES(186,NULL,NULL);
INSERT INTO "work_ocp_record_type" VALUES(187,NULL,NULL);
INSERT INTO "work_ocp_record_type" VALUES(214,NULL,NULL);
INSERT INTO "work_ocp_record_type" VALUES(215,NULL,NULL);
INSERT INTO "work_ocp_record_type" VALUES(217,NULL,NULL);
INSERT INTO "work_ocp_record_type" VALUES(218,NULL,NULL);
INSERT INTO "work_ocp_record_type" VALUES(219,NULL,NULL);
INSERT INTO "work_ocp_record_type" VALUES(220,NULL,NULL);
INSERT INTO "work_ocp_record_type" VALUES(221,NULL,NULL);
INSERT INTO "work_ocp_record_type" VALUES(222,NULL,NULL);
INSERT INTO "work_ocp_record_type" VALUES(223,NULL,NULL);
INSERT INTO "work_ocp_record_type" VALUES(224,NULL,NULL);
INSERT INTO "work_ocp_record_type" VALUES(225,NULL,NULL);
INSERT INTO "work_ocp_record_type" VALUES(226,NULL,NULL);
INSERT INTO "work_ocp_record_type" VALUES(227,NULL,NULL);
INSERT INTO "work_ocp_record_type" VALUES(228,NULL,NULL);
INSERT INTO "work_ocp_record_type" VALUES(229,NULL,NULL);
INSERT INTO "work_ocp_record_type" VALUES(230,NULL,NULL);
INSERT INTO "work_ocp_record_type" VALUES(231,NULL,161);
CREATE INDEX "work_ocp_record_type_2b78a968" ON "work_ocp_record_type" ("ocp_artwork_type_id");
COMMIT;
