PRAGMA foreign_keys=OFF;
BEGIN TRANSACTION;
DROP TABLE "work_ocp_artwork_type";
CREATE TABLE "work_ocp_artwork_type" ("artwork_type_id" integer NOT NULL PRIMARY KEY REFERENCES "general_artwork_type" ("typ_id"), "context_agent_id" integer NULL REFERENCES "valueaccounting_economicagent" ("id"), "facet_id" integer NULL UNIQUE REFERENCES "valueaccounting_facet" ("id"), "facet_value_id" integer NULL REFERENCES "valueaccounting_facetvalue" ("id"), "material_type_id" integer NULL REFERENCES "general_material_type" ("artwork_type_id"), "nonmaterial_type_id" integer NULL REFERENCES "general_nonmaterial_type" ("artwork_type_id"), "resource_type_id" integer NULL UNIQUE REFERENCES "valueaccounting_economicresourcetype" ("id"), "unit_type_id" integer NULL REFERENCES "general_unit_type" ("artwork_type_id"));
INSERT INTO "work_ocp_artwork_type" VALUES(9,NULL,1,NULL,NULL,NULL,NULL,NULL);
INSERT INTO "work_ocp_artwork_type" VALUES(10,NULL,3,NULL,NULL,NULL,NULL,NULL);
INSERT INTO "work_ocp_artwork_type" VALUES(49,NULL,NULL,17,NULL,NULL,NULL,NULL);
INSERT INTO "work_ocp_artwork_type" VALUES(50,NULL,NULL,NULL,NULL,NULL,NULL,NULL);
INSERT INTO "work_ocp_artwork_type" VALUES(51,NULL,NULL,22,NULL,NULL,NULL,NULL);
INSERT INTO "work_ocp_artwork_type" VALUES(52,NULL,NULL,NULL,NULL,NULL,NULL,NULL);
INSERT INTO "work_ocp_artwork_type" VALUES(53,NULL,NULL,NULL,NULL,NULL,NULL,NULL);
INSERT INTO "work_ocp_artwork_type" VALUES(54,NULL,NULL,NULL,NULL,NULL,NULL,NULL);
INSERT INTO "work_ocp_artwork_type" VALUES(55,NULL,NULL,NULL,NULL,NULL,NULL,NULL);
INSERT INTO "work_ocp_artwork_type" VALUES(56,NULL,NULL,NULL,NULL,NULL,NULL,NULL);
INSERT INTO "work_ocp_artwork_type" VALUES(57,NULL,NULL,NULL,NULL,NULL,60,NULL);
INSERT INTO "work_ocp_artwork_type" VALUES(65,NULL,NULL,NULL,NULL,NULL,NULL,NULL);
INSERT INTO "work_ocp_artwork_type" VALUES(71,NULL,NULL,19,NULL,NULL,NULL,NULL);
INSERT INTO "work_ocp_artwork_type" VALUES(72,NULL,NULL,NULL,NULL,NULL,NULL,NULL);
INSERT INTO "work_ocp_artwork_type" VALUES(73,NULL,NULL,NULL,NULL,NULL,NULL,NULL);
INSERT INTO "work_ocp_artwork_type" VALUES(74,NULL,NULL,NULL,NULL,NULL,NULL,NULL);
INSERT INTO "work_ocp_artwork_type" VALUES(75,NULL,NULL,NULL,NULL,NULL,59,NULL);
INSERT INTO "work_ocp_artwork_type" VALUES(76,NULL,NULL,NULL,NULL,NULL,NULL,NULL);
INSERT INTO "work_ocp_artwork_type" VALUES(77,NULL,NULL,NULL,NULL,NULL,NULL,NULL);
INSERT INTO "work_ocp_artwork_type" VALUES(78,NULL,NULL,NULL,NULL,NULL,NULL,NULL);
INSERT INTO "work_ocp_artwork_type" VALUES(79,NULL,NULL,NULL,NULL,NULL,NULL,NULL);
INSERT INTO "work_ocp_artwork_type" VALUES(80,NULL,NULL,NULL,NULL,NULL,NULL,NULL);
INSERT INTO "work_ocp_artwork_type" VALUES(81,NULL,NULL,NULL,NULL,NULL,NULL,NULL);
INSERT INTO "work_ocp_artwork_type" VALUES(82,NULL,NULL,NULL,NULL,NULL,NULL,NULL);
INSERT INTO "work_ocp_artwork_type" VALUES(83,NULL,NULL,NULL,NULL,NULL,NULL,NULL);
INSERT INTO "work_ocp_artwork_type" VALUES(84,NULL,NULL,NULL,NULL,NULL,NULL,NULL);
INSERT INTO "work_ocp_artwork_type" VALUES(85,NULL,NULL,NULL,NULL,NULL,NULL,NULL);
INSERT INTO "work_ocp_artwork_type" VALUES(86,NULL,NULL,NULL,NULL,NULL,NULL,NULL);
INSERT INTO "work_ocp_artwork_type" VALUES(87,NULL,NULL,NULL,NULL,NULL,NULL,NULL);
INSERT INTO "work_ocp_artwork_type" VALUES(88,NULL,NULL,9,NULL,NULL,NULL,NULL);
INSERT INTO "work_ocp_artwork_type" VALUES(89,NULL,NULL,10,NULL,NULL,NULL,NULL);
INSERT INTO "work_ocp_artwork_type" VALUES(90,NULL,NULL,NULL,NULL,NULL,NULL,NULL);
INSERT INTO "work_ocp_artwork_type" VALUES(91,NULL,NULL,NULL,NULL,NULL,NULL,NULL);
INSERT INTO "work_ocp_artwork_type" VALUES(92,NULL,NULL,NULL,NULL,NULL,NULL,NULL);
INSERT INTO "work_ocp_artwork_type" VALUES(93,NULL,NULL,NULL,NULL,NULL,NULL,NULL);
INSERT INTO "work_ocp_artwork_type" VALUES(94,NULL,NULL,NULL,NULL,NULL,NULL,NULL);
INSERT INTO "work_ocp_artwork_type" VALUES(95,NULL,NULL,NULL,NULL,NULL,NULL,NULL);
INSERT INTO "work_ocp_artwork_type" VALUES(96,NULL,NULL,NULL,NULL,NULL,NULL,NULL);
INSERT INTO "work_ocp_artwork_type" VALUES(97,NULL,NULL,NULL,NULL,NULL,NULL,NULL);
INSERT INTO "work_ocp_artwork_type" VALUES(98,NULL,NULL,NULL,NULL,NULL,NULL,NULL);
INSERT INTO "work_ocp_artwork_type" VALUES(149,NULL,NULL,16,NULL,NULL,NULL,NULL);
INSERT INTO "work_ocp_artwork_type" VALUES(151,NULL,NULL,NULL,NULL,NULL,NULL,NULL);
INSERT INTO "work_ocp_artwork_type" VALUES(152,NULL,NULL,NULL,NULL,NULL,36,NULL);
INSERT INTO "work_ocp_artwork_type" VALUES(153,NULL,NULL,NULL,NULL,NULL,6,NULL);
INSERT INTO "work_ocp_artwork_type" VALUES(155,NULL,NULL,24,NULL,NULL,NULL,NULL);
INSERT INTO "work_ocp_artwork_type" VALUES(156,NULL,NULL,26,NULL,NULL,46,237);
INSERT INTO "work_ocp_artwork_type" VALUES(157,NULL,NULL,27,NULL,NULL,54,249);
INSERT INTO "work_ocp_artwork_type" VALUES(158,NULL,NULL,24,NULL,NULL,NULL,NULL);
INSERT INTO "work_ocp_artwork_type" VALUES(159,NULL,NULL,27,NULL,NULL,47,249);
INSERT INTO "work_ocp_artwork_type" VALUES(160,NULL,NULL,21,NULL,NULL,NULL,NULL);
INSERT INTO "work_ocp_artwork_type" VALUES(161,NULL,NULL,8,NULL,NULL,NULL,NULL);
INSERT INTO "work_ocp_artwork_type" VALUES(162,NULL,NULL,NULL,NULL,NULL,31,NULL);
INSERT INTO "work_ocp_artwork_type" VALUES(163,NULL,NULL,NULL,NULL,NULL,33,NULL);
INSERT INTO "work_ocp_artwork_type" VALUES(164,NULL,NULL,NULL,NULL,NULL,17,NULL);
INSERT INTO "work_ocp_artwork_type" VALUES(165,NULL,NULL,NULL,NULL,NULL,37,NULL);
INSERT INTO "work_ocp_artwork_type" VALUES(166,NULL,NULL,NULL,NULL,NULL,32,NULL);
INSERT INTO "work_ocp_artwork_type" VALUES(167,NULL,NULL,NULL,NULL,NULL,44,NULL);
INSERT INTO "work_ocp_artwork_type" VALUES(168,NULL,NULL,NULL,NULL,NULL,28,NULL);
INSERT INTO "work_ocp_artwork_type" VALUES(169,NULL,NULL,NULL,NULL,NULL,NULL,NULL);
INSERT INTO "work_ocp_artwork_type" VALUES(170,NULL,NULL,NULL,NULL,NULL,24,NULL);
INSERT INTO "work_ocp_artwork_type" VALUES(171,NULL,NULL,NULL,NULL,NULL,15,NULL);
INSERT INTO "work_ocp_artwork_type" VALUES(172,NULL,NULL,NULL,NULL,NULL,14,NULL);
INSERT INTO "work_ocp_artwork_type" VALUES(175,NULL,NULL,NULL,NULL,NULL,29,NULL);
INSERT INTO "work_ocp_artwork_type" VALUES(177,NULL,NULL,NULL,NULL,NULL,NULL,NULL);
INSERT INTO "work_ocp_artwork_type" VALUES(178,NULL,NULL,NULL,NULL,NULL,48,NULL);
INSERT INTO "work_ocp_artwork_type" VALUES(179,NULL,NULL,NULL,NULL,NULL,27,NULL);
INSERT INTO "work_ocp_artwork_type" VALUES(250,NULL,NULL,NULL,NULL,NULL,51,NULL);
INSERT INTO "work_ocp_artwork_type" VALUES(261,NULL,NULL,NULL,NULL,NULL,52,NULL);
INSERT INTO "work_ocp_artwork_type" VALUES(262,NULL,NULL,NULL,NULL,NULL,55,NULL);
INSERT INTO "work_ocp_artwork_type" VALUES(264,NULL,NULL,NULL,NULL,NULL,56,NULL);
INSERT INTO "work_ocp_artwork_type" VALUES(265,NULL,NULL,NULL,NULL,NULL,57,NULL);
INSERT INTO "work_ocp_artwork_type" VALUES(271,NULL,NULL,NULL,161,NULL,58,NULL);
CREATE INDEX "work_ocp_artwork_type_1bc0cee2" ON "work_ocp_artwork_type" ("context_agent_id");
CREATE INDEX "work_ocp_artwork_type_068969e6" ON "work_ocp_artwork_type" ("facet_value_id");
CREATE INDEX "work_ocp_artwork_type_bcca2c2a" ON "work_ocp_artwork_type" ("material_type_id");
CREATE INDEX "work_ocp_artwork_type_61e152a3" ON "work_ocp_artwork_type" ("nonmaterial_type_id");
CREATE INDEX "work_ocp_artwork_type_9f43caa0" ON "work_ocp_artwork_type" ("unit_type_id");
COMMIT;

PRAGMA foreign_keys=OFF;
BEGIN TRANSACTION;
DROP TABLE "work_ocp_skill_type";
CREATE TABLE "work_ocp_skill_type" ("job_id" integer NOT NULL PRIMARY KEY REFERENCES "general_job" ("id"), "facet_value_id" integer NULL UNIQUE REFERENCES "valueaccounting_facetvalue" ("id"), "resource_type_id" integer NULL UNIQUE REFERENCES "valueaccounting_economicresourcetype" ("id"), "ocp_artwork_type_id" integer NULL REFERENCES "work_ocp_artwork_type" ("artwork_type_id"), "facet_id" integer NULL UNIQUE REFERENCES "valueaccounting_facet" ("id"));
INSERT INTO "work_ocp_skill_type" VALUES(1,NULL,NULL,NULL,NULL);
INSERT INTO "work_ocp_skill_type" VALUES(2,NULL,NULL,NULL,NULL);
INSERT INTO "work_ocp_skill_type" VALUES(3,NULL,NULL,NULL,NULL);
INSERT INTO "work_ocp_skill_type" VALUES(4,25,NULL,NULL,NULL);
INSERT INTO "work_ocp_skill_type" VALUES(5,NULL,NULL,NULL,NULL);
INSERT INTO "work_ocp_skill_type" VALUES(6,NULL,NULL,NULL,NULL);
INSERT INTO "work_ocp_skill_type" VALUES(7,14,NULL,NULL,NULL);
INSERT INTO "work_ocp_skill_type" VALUES(8,NULL,NULL,NULL,NULL);
INSERT INTO "work_ocp_skill_type" VALUES(9,NULL,NULL,NULL,NULL);
INSERT INTO "work_ocp_skill_type" VALUES(10,NULL,NULL,NULL,NULL);
INSERT INTO "work_ocp_skill_type" VALUES(11,NULL,NULL,NULL,NULL);
INSERT INTO "work_ocp_skill_type" VALUES(12,NULL,NULL,NULL,NULL);
INSERT INTO "work_ocp_skill_type" VALUES(13,NULL,NULL,NULL,NULL);
INSERT INTO "work_ocp_skill_type" VALUES(14,NULL,NULL,NULL,NULL);
INSERT INTO "work_ocp_skill_type" VALUES(15,13,NULL,NULL,NULL);
INSERT INTO "work_ocp_skill_type" VALUES(16,NULL,NULL,NULL,NULL);
INSERT INTO "work_ocp_skill_type" VALUES(17,NULL,NULL,NULL,NULL);
INSERT INTO "work_ocp_skill_type" VALUES(18,NULL,NULL,NULL,NULL);
INSERT INTO "work_ocp_skill_type" VALUES(19,NULL,NULL,NULL,NULL);
INSERT INTO "work_ocp_skill_type" VALUES(20,NULL,NULL,NULL,NULL);
INSERT INTO "work_ocp_skill_type" VALUES(21,NULL,NULL,NULL,NULL);
INSERT INTO "work_ocp_skill_type" VALUES(22,NULL,NULL,NULL,NULL);
INSERT INTO "work_ocp_skill_type" VALUES(25,NULL,NULL,NULL,2);
INSERT INTO "work_ocp_skill_type" VALUES(26,NULL,NULL,NULL,NULL);
INSERT INTO "work_ocp_skill_type" VALUES(27,12,NULL,NULL,NULL);
INSERT INTO "work_ocp_skill_type" VALUES(28,NULL,NULL,NULL,NULL);
INSERT INTO "work_ocp_skill_type" VALUES(29,NULL,NULL,NULL,NULL);
CREATE INDEX "work_ocp_skill_type_2b78a968" ON "work_ocp_skill_type" ("ocp_artwork_type_id");
COMMIT;

PRAGMA foreign_keys=OFF;
BEGIN TRANSACTION;
DROP TABLE "work_ocp_unit_type";
CREATE TABLE "work_ocp_unit_type" ("unit_type_id" integer NOT NULL PRIMARY KEY REFERENCES "general_unit_type" ("artwork_type_id"), "ocp_unit_id" integer NULL UNIQUE REFERENCES "valueaccounting_unit" ("id"), "unit_id" integer NULL UNIQUE REFERENCES "general_unit" ("id"));
INSERT INTO "work_ocp_unit_type" VALUES(34,NULL,NULL);
INSERT INTO "work_ocp_unit_type" VALUES(35,NULL,11);
INSERT INTO "work_ocp_unit_type" VALUES(36,NULL,NULL);
INSERT INTO "work_ocp_unit_type" VALUES(37,NULL,NULL);
INSERT INTO "work_ocp_unit_type" VALUES(38,NULL,NULL);
INSERT INTO "work_ocp_unit_type" VALUES(48,NULL,NULL);
INSERT INTO "work_ocp_unit_type" VALUES(67,NULL,NULL);
INSERT INTO "work_ocp_unit_type" VALUES(68,NULL,NULL);
INSERT INTO "work_ocp_unit_type" VALUES(232,NULL,NULL);
INSERT INTO "work_ocp_unit_type" VALUES(233,NULL,5);
INSERT INTO "work_ocp_unit_type" VALUES(234,NULL,8);
INSERT INTO "work_ocp_unit_type" VALUES(235,NULL,9);
INSERT INTO "work_ocp_unit_type" VALUES(236,NULL,NULL);
INSERT INTO "work_ocp_unit_type" VALUES(237,NULL,7);
INSERT INTO "work_ocp_unit_type" VALUES(238,NULL,14);
INSERT INTO "work_ocp_unit_type" VALUES(240,NULL,NULL);
INSERT INTO "work_ocp_unit_type" VALUES(241,NULL,1);
INSERT INTO "work_ocp_unit_type" VALUES(242,NULL,3);
INSERT INTO "work_ocp_unit_type" VALUES(243,NULL,4);
INSERT INTO "work_ocp_unit_type" VALUES(244,NULL,NULL);
INSERT INTO "work_ocp_unit_type" VALUES(245,NULL,15);
INSERT INTO "work_ocp_unit_type" VALUES(246,NULL,10);
INSERT INTO "work_ocp_unit_type" VALUES(247,NULL,12);
INSERT INTO "work_ocp_unit_type" VALUES(248,NULL,13);
INSERT INTO "work_ocp_unit_type" VALUES(249,NULL,2);
COMMIT;

PRAGMA foreign_keys=OFF;
BEGIN TRANSACTION;
DROP TABLE "work_ocp_record_type";
CREATE TABLE "work_ocp_record_type" ("record_type_id" integer NOT NULL PRIMARY KEY REFERENCES "general_record_type" ("artwork_type_id"), "exchange_type_id" integer NULL UNIQUE REFERENCES "valueaccounting_exchangetype" ("id"), "ocp_artwork_type_id" integer NULL REFERENCES "work_ocp_artwork_type" ("artwork_type_id"), "ocp_skill_type_id" integer NULL REFERENCES "work_ocp_skill_type" ("job_id"));
INSERT INTO "work_ocp_record_type" VALUES(125,NULL,NULL,NULL);
INSERT INTO "work_ocp_record_type" VALUES(126,NULL,NULL,NULL);
INSERT INTO "work_ocp_record_type" VALUES(127,NULL,NULL,NULL);
INSERT INTO "work_ocp_record_type" VALUES(128,NULL,NULL,NULL);
INSERT INTO "work_ocp_record_type" VALUES(129,NULL,NULL,NULL);
INSERT INTO "work_ocp_record_type" VALUES(130,NULL,NULL,NULL);
INSERT INTO "work_ocp_record_type" VALUES(131,NULL,9,NULL);
INSERT INTO "work_ocp_record_type" VALUES(132,NULL,10,NULL);
INSERT INTO "work_ocp_record_type" VALUES(133,NULL,NULL,25);
INSERT INTO "work_ocp_record_type" VALUES(134,NULL,9,NULL);
INSERT INTO "work_ocp_record_type" VALUES(135,NULL,10,NULL);
INSERT INTO "work_ocp_record_type" VALUES(136,NULL,NULL,25);
INSERT INTO "work_ocp_record_type" VALUES(137,NULL,9,NULL);
INSERT INTO "work_ocp_record_type" VALUES(138,NULL,9,NULL);
INSERT INTO "work_ocp_record_type" VALUES(139,NULL,10,NULL);
INSERT INTO "work_ocp_record_type" VALUES(140,NULL,10,NULL);
INSERT INTO "work_ocp_record_type" VALUES(141,NULL,NULL,NULL);
INSERT INTO "work_ocp_record_type" VALUES(142,NULL,NULL,NULL);
INSERT INTO "work_ocp_record_type" VALUES(143,NULL,9,NULL);
INSERT INTO "work_ocp_record_type" VALUES(144,NULL,10,NULL);
INSERT INTO "work_ocp_record_type" VALUES(145,NULL,NULL,25);
INSERT INTO "work_ocp_record_type" VALUES(146,NULL,9,NULL);
INSERT INTO "work_ocp_record_type" VALUES(147,NULL,10,NULL);
INSERT INTO "work_ocp_record_type" VALUES(148,NULL,NULL,25);
INSERT INTO "work_ocp_record_type" VALUES(181,NULL,NULL,NULL);
INSERT INTO "work_ocp_record_type" VALUES(182,NULL,NULL,NULL);
INSERT INTO "work_ocp_record_type" VALUES(183,NULL,NULL,NULL);
INSERT INTO "work_ocp_record_type" VALUES(184,NULL,161,NULL);
INSERT INTO "work_ocp_record_type" VALUES(185,NULL,NULL,NULL);
INSERT INTO "work_ocp_record_type" VALUES(186,NULL,NULL,NULL);
INSERT INTO "work_ocp_record_type" VALUES(187,NULL,NULL,NULL);
INSERT INTO "work_ocp_record_type" VALUES(214,NULL,NULL,NULL);
INSERT INTO "work_ocp_record_type" VALUES(215,NULL,NULL,NULL);
INSERT INTO "work_ocp_record_type" VALUES(217,NULL,NULL,NULL);
INSERT INTO "work_ocp_record_type" VALUES(218,NULL,NULL,NULL);
INSERT INTO "work_ocp_record_type" VALUES(219,NULL,NULL,NULL);
INSERT INTO "work_ocp_record_type" VALUES(220,NULL,NULL,NULL);
INSERT INTO "work_ocp_record_type" VALUES(221,NULL,NULL,NULL);
INSERT INTO "work_ocp_record_type" VALUES(222,NULL,NULL,NULL);
INSERT INTO "work_ocp_record_type" VALUES(223,NULL,NULL,NULL);
INSERT INTO "work_ocp_record_type" VALUES(224,NULL,NULL,NULL);
INSERT INTO "work_ocp_record_type" VALUES(225,NULL,NULL,NULL);
INSERT INTO "work_ocp_record_type" VALUES(226,NULL,NULL,NULL);
INSERT INTO "work_ocp_record_type" VALUES(227,NULL,NULL,NULL);
INSERT INTO "work_ocp_record_type" VALUES(228,NULL,NULL,NULL);
INSERT INTO "work_ocp_record_type" VALUES(229,NULL,NULL,NULL);
INSERT INTO "work_ocp_record_type" VALUES(230,NULL,NULL,NULL);
INSERT INTO "work_ocp_record_type" VALUES(231,NULL,161,NULL);
INSERT INTO "work_ocp_record_type" VALUES(251,NULL,156,NULL);
INSERT INTO "work_ocp_record_type" VALUES(252,NULL,NULL,NULL);
INSERT INTO "work_ocp_record_type" VALUES(253,NULL,NULL,NULL);
INSERT INTO "work_ocp_record_type" VALUES(254,NULL,156,NULL);
INSERT INTO "work_ocp_record_type" VALUES(256,NULL,NULL,18);
INSERT INTO "work_ocp_record_type" VALUES(257,NULL,160,NULL);
INSERT INTO "work_ocp_record_type" VALUES(258,NULL,NULL,15);
INSERT INTO "work_ocp_record_type" VALUES(259,NULL,89,NULL);
INSERT INTO "work_ocp_record_type" VALUES(260,NULL,89,NULL);
INSERT INTO "work_ocp_record_type" VALUES(263,NULL,262,NULL);
INSERT INTO "work_ocp_record_type" VALUES(266,NULL,9,NULL);
INSERT INTO "work_ocp_record_type" VALUES(267,NULL,10,NULL);
INSERT INTO "work_ocp_record_type" VALUES(269,NULL,89,NULL);
INSERT INTO "work_ocp_record_type" VALUES(270,NULL,87,NULL);
INSERT INTO "work_ocp_record_type" VALUES(274,NULL,152,NULL);
INSERT INTO "work_ocp_record_type" VALUES(275,NULL,75,NULL);
INSERT INTO "work_ocp_record_type" VALUES(276,NULL,271,NULL);
INSERT INTO "work_ocp_record_type" VALUES(277,NULL,161,NULL);
CREATE INDEX "work_ocp_record_type_2b78a968" ON "work_ocp_record_type" ("ocp_artwork_type_id");
CREATE INDEX "work_ocp_record_type_85b59844" ON "work_ocp_record_type" ("ocp_skill_type_id");
COMMIT;
